語句,読み（ひらがな）,意味,語源等解説（日本語）,関連語と意味,関連分野,難易度
いと,いと,とても,古典では「とても」の意味で用いられました。 現代の近い語は「いみじ」です。 語源的には古典日本語に由来します。,いみじ:非常に,家族,1
あはれ,あはれ,しみじみとした情趣,古典では「しみじみとした情趣」の意味で用いられました。 現代の近い語は「かなしい」です。 語源的には古典日本語に由来します。,かなしい:悲しい,交通,2
をかし,をかし,趣がある・面白い,古典では「趣がある・面白い」の意味で用いられました。 現代の近い語は「おもしろい」です。 語源的には古典日本語に由来します。,おもしろい:面白い,文化,1
なほ,なほ,やはり・やっぱり,古典的な用例では「やはり・やっぱり」として使われます。 現代の近い語は「やっぱり」です。,やっぱり:同意,学校,1
やがて,やがて,すぐに・そのまま,古典的な用例では「すぐに・そのまま」として使われます。 現代の近い語は「すぐ」です。 語源的には古典日本語に由来します。,すぐ:即時,時間,1
いかで,いかで,どうして・なんとかして,古典では「どうして・なんとかして」の意味で用いられました。 現代の近い語は「なぜ」です。 語源的には古典日本語に由来します。,なぜ:理由,文法,2
いかに,いかに,どのように・どうして,古典的な用例では「どのように・どうして」として使われます。 現代の近い語は「どう」です。 語源的には古典日本語に由来します。,どう:方法,文法,1
さだめて,さだめて,きっと・必ず,古典では「きっと・必ず」の意味で用いられました。 現代の近い語は「かならず」です。 語源的には古典日本語に由来します。,かならず:確信,文法,2
あした,あした,朝,古典的な用例では「朝」として使われます。 現代の近い語は「あさ」です。 現代語「明日」とは異なり「朝」の意味 。 変遷: 古典語の用法が変化し、現代では『あさ』に近い意味で用いられます。,あさ:朝,時間,1
つとめて,つとめて,早朝,古典的な用例では「早朝」として使われます。 現代の近い語は「あさはやく」です。,あさはやく:早朝,時間,2
いとど,いとど,ますます,古典では「ますます」の意味で用いられました。 現代の近い語は「もっと」です。 語源的には古典日本語に由来します。,もっと:さらに,文法,2
いみじ,いみじ,非常に・たいそう,古典では「非常に・たいそう」の意味で用いられました。 現代の近い語は「いと」です。 語源的には古典日本語に由来します。,いと:とても,職業,2
あやし,あやし,不思議だ・奇妙だ,古典的な用例では「不思議だ・奇妙だ」として使われます。 現代の近い語は「ふしぎ」です。 現代語「怪しい」とはニュアンスが異なる 。 変遷: 古典語の用法が変化し、現代では『ふしぎ』に近い意味で用いられます。,ふしぎ:不思議,感情,2
うつくし,うつくし,かわいい・美しい,古典的な用例では「かわいい・美しい」として使われます。 現代の近い語は「かわいい」です。 現代語「美しい」とは異なり「かわいい」も含む 。 変遷: 古典語の用法が変化し、現代では『かわいい』に近い意味で用いられます。,かわいい:可愛い,家族,1
あやまつ,あやまつ,間違える,古典的な用例では「間違える」として使われます。 現代の近い語は「まちがえる」です。 語源的には古典日本語に由来します。,まちがえる:失敗,文法,1
おぼゆ,おぼゆ,思われる・感じられる,古典では「思われる・感じられる」の意味で用いられました。 現代の近い語は「かんじる」です。 語源的には古典日本語に由来します。,かんじる:感じる,文法,2
たまふ,たまふ,くださる・お与えになる,古典では「くださる・お与えになる」の意味で用いられました。 現代の近い語は「くださる」です。 尊敬語として用いられます。 語源的には古典日本語に由来します。,くださる:与える,文法,2
まうす,まうす,申し上げる,古典では「申し上げる」の意味で用いられました。 現代の近い語は「もうす」です。 謙譲語として用いられます。 語源的には古典日本語に由来します。,もうす:言う,文法,2
きこゆ,きこゆ,聞こえる・申し上げる,古典では「聞こえる・申し上げる」の意味で用いられました。 現代の近い語は「きく」です。 謙譲語として用いられます。 語源的には古典日本語に由来します。,きく:聞く,文法,2
あやしむ,あやしむ,不思議に思う,古典的な用例では「不思議に思う」として使われます。 現代の近い語は「ふしぎ」です。 語源的には古典日本語に由来します。,ふしぎ:不思議,買い物,2
うし,うし,つらい・悲しい,古典では「つらい・悲しい」の意味で用いられました。 現代の近い語は「かなしい」です。 語源的には古典日本語に由来します。,かなしい:悲しい,文化,2
うれふ,うれふ,悲しむ・嘆く,古典的な用例では「悲しむ・嘆く」として使われます。 現代の近い語は「なげく」です。 語源的には古典日本語に由来します。,なげく:嘆く,健康,2
おこなふ,おこなふ,仏道修行する,古典では「仏道修行する」の意味で用いられました。 現代の近い語は「しゅぎょう」です。 語源的には古典日本語に由来します。,しゅぎょう:修行,食べ物,3
おどろく,おどろく,目を覚ます・驚く,古典的な用例では「目を覚ます・驚く」として使われます。 現代の近い語は「めざめる」です。 現代語「驚く」とは意味が異なる場合あり 。 変遷: 古典語の用法が変化し、現代では『めざめる』に近い意味で用いられます。,めざめる:目覚める,文法,2
かなし,かなし,いとしい・かわいい,古典的な用例では「いとしい・かわいい」として使われます。 現代の近い語は「かわいい」です。 現代語「悲しい」とは異なる意味 。 変遷: 古典語の用法が変化し、現代では『かわいい』に近い意味で用いられます。,かわいい:可愛い,感情,1
かる,かる,離れる,古典では「離れる」の意味で用いられました。 現代の近い語は「はなれる」です。 語源的には古典日本語に由来します。,はなれる:離れる,文法,2
きよし,きよし,美しい・清らかだ,古典では「美しい・清らかだ」の意味で用いられました。 現代の近い語は「うつくしい」です。 語源的には古典日本語に由来します。,うつくしい:美しい,感情,1
こころ,こころ,心・気持ち,古典的な用例では「心・気持ち」として使われます。 現代の近い語は「きもち」です。,きもち:気持ち,感情,1
さぶらふ,さぶらふ,お仕えする,古典では「お仕えする」の意味で用いられました。 現代の近い語は「つかえる」です。 謙譲語として用いられます。 語源的には古典日本語に由来します。,つかえる:仕える,文法,2
しのぶ,しのぶ,我慢する・懐かしむ,古典では「我慢する・懐かしむ」の意味で用いられました。 現代の近い語は「たえる」です。 語源的には古典日本語に由来します。,たえる:耐える,感情,2
すずろなり,すずろなり,なんとなく・思いがけない,古典では「なんとなく・思いがけない」の意味で用いられました。 現代の近い語は「ふと」です。 語源的には古典日本語に由来します。,ふと:突然,感情,2
たより,たより,手紙・便り,古典的な用例では「手紙・便り」として使われます。 現代の近い語は「てがみ」です。 現代語「頼り」とは異なる意味 。 変遷: 古典語の用法が変化し、現代では『てがみ』に近い意味で用いられます。,てがみ:手紙,自然,1
つかふ,つかふ,仕える,古典的な用例では「仕える」として使われます。 現代の近い語は「つかえる」です。 現代語「使う」とは異なる意味 。 変遷: 古典語の用法が変化し、現代では『つかえる』に近い意味で用いられます。,つかえる:仕える,文法,2
つれづれなり,つれづれなり,退屈だ・所在ない,古典では「退屈だ・所在ない」の意味で用いられました。 現代の近い語は「ひま」です。 語源的には古典日本語に由来します。,ひま:暇,感情,2
とき,とき,時・機会,古典的な用例では「時・機会」として使われます。 現代の近い語は「じかん」です。,じかん:時間,時間,1
なかなか,なかなか,かえって・むしろ,古典的な用例では「かえって・むしろ」として使われます。 現代の近い語は「むしろ」です。 現代語「なかなか」とは異なる意味 。 変遷: 古典語の用法が変化し、現代では『むしろ』に近い意味で用いられます。,むしろ:逆に,感情,2
なほざり,なほざり,いい加減・おろそか,古典では「いい加減・おろそか」の意味で用いられました。 現代の近い語は「おろそか」です。 語源的には古典日本語に由来します。,おろそか:軽視,文法,2
のたまふ,のたまふ,おっしゃる,古典では「おっしゃる」の意味で用いられました。 現代の近い語は「おっしゃる」です。 尊敬語として用いられます。 語源的には古典日本語に由来します。,おっしゃる:言う,文法,2
はかなし,はかなし,頼りない・むなしい,古典的な用例では「頼りない・むなしい」として使われます。 現代の近い語は「むなしい」です。 語源的には古典日本語に由来します。,むなしい:虚しい,感情,2
ひま,ひま,すきま・間,古典的な用例では「すきま・間」として使われます。 現代の近い語は「すきま」です。 現代語「暇」とは異なる意味 。 変遷: 古典語の用法が変化し、現代では『すきま』に近い意味で用いられます。,すきま:隙間,時間,1
ふみ,ふみ,手紙・書物,古典的な用例では「手紙・書物」として使われます。 現代の近い語は「てがみ」です。 語源的には古典日本語に由来します。,てがみ:手紙,動物,1
まどふ,まどふ,迷う・うろたえる,古典的な用例では「迷う・うろたえる」として使われます。 現代の近い語は「まよう」です。 語源的には古典日本語に由来します。,まよう:迷う,感情,2
みる,みる,世話をする・結婚する,古典的な用例では「世話をする・結婚する」として使われます。 現代の近い語は「せわ」です。 現代語「見る」とは異なる意味 。 変遷: 古典語の用法が変化し、現代では『せわ』に近い意味で用いられます。,せわ:世話,文法,2
むすぶ,むすぶ,手ですくう・作る,古典的な用例では「手ですくう・作る」として使われます。 現代の近い語は「つくる」です。 現代語「結ぶ」とは異なる意味 。 変遷: 古典語の用法が変化し、現代では『つくる』に近い意味で用いられます。,つくる:作る,文法,2
めづ,めづ,ほめる・感心する,古典では「ほめる・感心する」の意味で用いられました。 現代の近い語は「ほめる」です。 語源的には古典日本語に由来します。,ほめる:賞賛,感情,2
やむごとなし,やむごとなし,高貴だ・大切だ,古典では「高貴だ・大切だ」の意味で用いられました。 現代の近い語は「たかい」です。 語源的には古典日本語に由来します。,たかい:高い,文法,3
よし,よし,理由・方法,古典的な用例では「理由・方法」として使われます。 現代の近い語は「りゆう」です。 現代語「良し」とは異なる意味 。 変遷: 古典語の用法が変化し、現代では『りゆう』に近い意味で用いられます。,りゆう:理由,文法,2
わぶ,わぶ,困る・嘆く,古典的な用例では「困る・嘆く」として使われます。 現代の近い語は「こまる」です。 語源的には古典日本語に由来します。,こまる:困る,感情,2
あさまし,あさまし,驚きあきれる・意外だ,古典では「驚きあきれる・意外だ」の意味で用いられました。 現代の近い語は「おどろく」です。 語源的には古典日本語に由来します。,おどろく:驚く,感情,2
あだなり,あだなり,むだだ・はかない,古典では「むだだ・はかない」の意味で用いられました。 現代の近い語は「むだ」です。 語源的には古典日本語に由来します。,むだ:無駄,感情,2
あぢきなし,あぢきなし,つまらない・どうしようもない,古典では「つまらない・どうしようもない」の意味で用いられました。 現代の近い語は「つまらない」です。 語源的には古典日本語に由来します。,つまらない:退屈,感情,2
いぶかし,いぶかし,気がかりだ・疑わしい,古典では「気がかりだ・疑わしい」の意味で用いられました。 現代の近い語は「うたがう」です。 語源的には古典日本語に由来します。,うたがう:疑う,感情,2
いまいまし,いまいまし,不吉だ・縁起が悪い,古典では「不吉だ・縁起が悪い」の意味で用いられました。 現代の近い語は「ふきつ」です。 語源的には古典日本語に由来します。,ふきつ:不吉,感情,3
うしろめたし,うしろめたし,気がかりだ・心配だ,古典では「気がかりだ・心配だ」の意味で用いられました。 現代の近い語は「しんぱい」です。 語源的には古典日本語に由来します。,しんぱい:心配,感情,2
うしろやすし,うしろやすし,安心だ・信頼できる,古典では「安心だ・信頼できる」の意味で用いられました。 現代の近い語は「あんしん」です。 語源的には古典日本語に由来します。,あんしん:安心,感情,1
うたてし,うたてし,いやだ・情けない,古典では「いやだ・情けない」の意味で用いられました。 現代の近い語は「いや」です。 語源的には古典日本語に由来します。,いや:不快,感情,2
おほけなし,おほけなし,身分不相応だ・恐れ多い,古典では「身分不相応だ・恐れ多い」の意味で用いられました。 現代の近い語は「おそれおおい」です。 語源的には古典日本語に由来します。,おそれおおい:畏敬,文法,3
かしこし,かしこし,恐れ多い・賢い,古典では「恐れ多い・賢い」の意味で用いられました。 現代の近い語は「けんめい」です。 語源的には古典日本語に由来します。,けんめい:賢明,文法,2
かたはらいたし,かたはらいたし,気の毒だ・きまり悪い,古典では「気の毒だ・きまり悪い」の意味で用いられました。 現代の近い語は「きまりわるい」です。 語源的には古典日本語に由来します。,きまりわるい:居心地悪い,感情,2
かたくななり,かたくななり,無骨だ・教養がない,古典では「無骨だ・教養がない」の意味で用いられました。 現代の近い語は「ぶこつ」です。 語源的には古典日本語に由来します。,ぶこつ:粗野,感情,2
きよらなり,きよらなり,美しい・上品だ,古典では「美しい・上品だ」の意味で用いられました。 現代の近い語は「うつくしい」です。 語源的には古典日本語に由来します。,うつくしい:美しい,感情,2
こころもとなし,こころもとなし,不安だ・待ち遠しい,古典では「不安だ・待ち遠しい」の意味で用いられました。 現代の近い語は「ふあん」です。 語源的には古典日本語に由来します。,ふあん:不安,感情,2
さうざうし,さうざうし,物足りない・寂しい,古典では「物足りない・寂しい」の意味で用いられました。 現代の近い語は「さびしい」です。 語源的には古典日本語に由来します。,さびしい:寂しい,感情,2
しどけなし,しどけなし,だらしない・気楽だ,古典では「だらしない・気楽だ」の意味で用いられました。 現代の近い語は「きらく」です。 語源的には古典日本語に由来します。,きらく:気楽,感情,2
しるし,しるし,はっきりしている・目立つ,古典的な用例では「はっきりしている・目立つ」として使われます。 現代の近い語は「めだつ」です。 現代語「印」とはニュアンスが異なる 。 変遷: 古典語の用法が変化し、現代では『めだつ』に近い意味で用いられます。,めだつ:目立つ,文法,1
すなはち,すなはち,すぐに・即座に,古典的な用例では「すぐに・即座に」として使われます。 現代の近い語は「すぐ」です。 現代語「即ち」とは使い方が異なる 。 変遷: 古典語の用法が変化し、現代では『すぐ』に近い意味で用いられます。,すぐ:即時,時間,1
たけし,たけし,勇ましい・強い,古典では「勇ましい・強い」の意味で用いられました。 現代の近い語は「ゆうき」です。 語源的には古典日本語に由来します。,ゆうき:勇気,感情,2
つきづきし,つきづきし,似つかわしい・ふさわしい,古典では「似つかわしい・ふさわしい」の意味で用いられました。 現代の近い語は「ふさわしい」です。 語源的には古典日本語に由来します。,ふさわしい:適合,感情,2
つれなし,つれなし,平然としている・冷淡だ,古典では「平然としている・冷淡だ」の意味で用いられました。 現代の近い語は「れいたん」です。 語源的には古典日本語に由来します。,れいたん:冷淡,感情,2
ところせし,ところせし,窮屈だ・いっぱいだ,古典では「窮屈だ・いっぱいだ」の意味で用いられました。 現代の近い語は「きゅうくつ」です。 語源的には古典日本語に由来します。,きゅうくつ:狭い,感情,2
ながむ,ながむ,物思いにふける・詩歌を詠む,古典的な用例では「物思いにふける・詩歌を詠む」として使われます。 現代の近い語は「ものおもい」です。 現代語「眺める」とは異なる意味 。 変遷: 古典語の用法が変化し、現代では『ものおもい』に近い意味で用いられます。,ものおもい:思案,感情,2
ねんごろ,ねんごろ,心を込めて・丁寧に,古典では「心を込めて・丁寧に」の意味で用いられました。 現代の近い語は「ていねい」です。 語源的には古典日本語に由来します。,ていねい:丁寧,文法,2
はづかし,はづかし,立派だ・気後れする,古典的な用例では「立派だ・気後れする」として使われます。 現代の近い語は「りっぱ」です。 現代語「恥ずかしい」とは異なる意味 。 変遷: 古典語の用法が変化し、現代では『りっぱ』に近い意味で用いられます。,りっぱ:立派,感情,2
ひとびと,ひとびと,人々・貴族,古典では「人々・貴族」の意味で用いられました。 現代の近い語は「きぞく」です。 語源的には古典日本語に由来します。,きぞく:貴族,科学,1
ふるさと,ふるさと,旧都・昔の都,古典的な用例では「旧都・昔の都」として使われます。 現代の近い語は「きゅうと」です。 現代語「故郷」とは異なる意味 。 変遷: 古典語の用法が変化し、現代では『きゅうと』に近い意味で用いられます。,きゅうと:旧都,地理,2
まめやか,まめやか,まじめだ・誠実だ,古典では「まじめだ・誠実だ」の意味で用いられました。 現代の近い語は「まじめ」です。 語源的には古典日本語に由来します。,まじめ:誠実,感情,2
みやび,みやび,上品・優雅,古典では「上品・優雅」の意味で用いられました。 現代の近い語は「ゆうが」です。 語源的には古典日本語に由来します。,ゆうが:優雅,感情,2
むげなり,むげなり,ひどい・最低だ,古典では「ひどい・最低だ」の意味で用いられました。 現代の近い語は「ひどい」です。 語源的には古典日本語に由来します。,ひどい:悪い,感情,2
やさし,やさし,優美だ・恥ずかしい,古典では「優美だ・恥ずかしい」の意味で用いられました。 現代の近い語は「うつくしい」です。 語源的には古典日本語に由来します。,うつくしい:美しい,感情,2
よしなし,よしなし,理由がない・つまらない,古典では「理由がない・つまらない」の意味で用いられました。 現代の近い語は「つまらない」です。 語源的には古典日本語に由来します。,つまらない:無意味,感情,2
わりなし,わりなし,無理だ・道理に合わない,古典では「無理だ・道理に合わない」の意味で用いられました。 現代の近い語は「むり」です。 語源的には古典日本語に由来します。,むり:理不尽,感情,2
をこなり,をこなり,愚かだ,古典では「愚かだ」の意味で用いられました。 現代の近い語は「おろか」です。 語源的には古典日本語に由来します。,おろか:愚か,感情,2
おぼつかなし,おぼつかなし,はっきりしない・不安だ,古典では「はっきりしない・不安だ」の意味で用いられました。 現代の近い語は「ふあん」です。 語源的には古典日本語に由来します。,ふあん:不安,感情,2
おろかなり,おろかなり,いい加減だ・愚かだ,古典では「いい加減だ・愚かだ」の意味で用いられました。 現代の近い語は「いいかげん」です。 語源的には古典日本語に由来します。,いいかげん:不注意,感情,2
かたし,かたし,難しい・困難だ,古典では「難しい・困難だ」の意味で用いられました。 現代の近い語は「むずかしい」です。 語源的には古典日本語に由来します。,むずかしい:困難,文法,2
かたみに,かたみに,互いに・かわるがわる,古典では「互いに・かわるがわる」の意味で用いられました。 現代の近い語は「たがいに」です。 語源的には古典日本語に由来します。,たがいに:相互,文法,2
かたらふ,かたらふ,親しく交際する・相談する,古典では「親しく交際する・相談する」の意味で用いられました。 現代の近い語は「そうだん」です。 語源的には古典日本語に由来します。,そうだん:相談,文法,2
あへず,あへず,耐えられない・〜しきれない,古典的な用例では「耐えられない・〜しきれない」として使われます。 現代の近い語は「たえられない」です。,たえられない:耐え難い,感情,2
いとほし,いとほし,かわいそうだ・いとおしい,古典では「かわいそうだ・いとおしい」の意味で用いられました。 現代の近い語は「かわいそう」です。 語源的には古典日本語に由来します。,かわいそう:哀れ,感情,2
いたし,いたし,非常に〜だ・好ましい,古典的な用例では「非常に〜だ・好ましい」として使われます。 現代の近い語は「とても」です。,とても:非常,感情,1
いたく,いたく,ひどく・たいそう,古典的な用例では「ひどく・たいそう」として使われます。 現代の近い語は「ひどく」です。,ひどく:とても,感情,1
いらふ,いらふ,応答する・返事する,古典では「応答する・返事する」の意味で用いられました。 現代の近い語は「こたえる」です。 語源的には古典日本語に由来します。,こたえる:応答,文法,2
いぬ,いぬ,行く・去る,古典では「行く・去る」の意味で用いられました。 現代の近い語は「いく」です。 語源的には古典日本語に由来します。,いく:行く,文法,1
うつる,うつる,移る・うつる,古典では「移る・うつる」の意味で用いられました。 現代の近い語は「うつす」です。 語源的には古典日本語に由来します。,うつす:移す,文法,2
うつつ,うつつ,現実・夢でない状態,古典的な用例では「現実・夢でない状態」として使われます。 現代の近い語は「げんじつ」です。,げんじつ:現実,感情,2
うとし,うとし,疎い・親しくない,古典では「疎い・親しくない」の意味で用いられました。 現代の近い語は「うとい」です。 語源的には古典日本語に由来します。,うとい:距離感,感情,2
うるはし,うるはし,整っている・美しい,古典では「整っている・美しい」の意味で用いられました。 現代の近い語は「きれい」です。 語源的には古典日本語に由来します。,きれい:整い,感情,1
うらやまし,うらやまし,うらやましい・妬ましい,古典では「うらやましい・妬ましい」の意味で用いられました。 現代の近い語は「うらやむ」です。 語源的には古典日本語に由来します。,うらやむ:羨む,感情,2
えんなり,えんなり,優雅だ・艶やかだ,古典では「優雅だ・艶やかだ」の意味で用いられました。 現代の近い語は「みやび」です。 語源的には古典日本語に由来します。,みやび:雅,文化,2
おもふ,おもふ,思う・心配する,古典的な用例では「思う・心配する」として使われます。 現代の近い語は「かんがえる」です。,かんがえる:考える,文法,1
おもむく,おもむく,向かう・赴く,古典的な用例では「向かう・赴く」として使われます。 現代の近い語は「むかう」です。,むかう:向かう,文法,2
おもしろし,おもしろし,趣がある・興味深い,古典的な用例では「趣がある・興味深い」として使われます。 現代の近い語は「おもむき」です。,おもむき:趣,文化,1
かなしむ,かなしむ,悲しむ,古典的な用例では「悲しむ」として使われます。 現代の近い語は「なげく」です。,なげく:嘆く,感情,2
かたる,かたる,語る・話す,古典的な用例では「語る・話す」として使われます。 現代の近い語は「はなす」です。,はなす:話す,文法,1
かなふ,かなふ,叶う・適う,古典的な用例では「叶う・適う」として使われます。 現代の近い語は「かなえる」です。,かなえる:叶える,文法,2
かぶる,かぶる,頂く・かぶる,古典では「頂く・かぶる」の意味で用いられました。 現代の近い語は「かぶせる」です。 語源的には古典日本語に由来します。,かぶせる:着用,文法,2
くちをし,くちをし,残念だ・嘆かわしい,古典では「残念だ・嘆かわしい」の意味で用いられました。 現代の近い語は「ざんねん」です。 語源的には古典日本語に由来します。,ざんねん:残念,感情,2
くるし,くるし,つらい・苦しい,古典的な用例では「つらい・苦しい」として使われます。 現代の近い語は「つらい」です。,つらい:苦しい,感情,2
けふ,けふ,今日,古典的な用例では「今日」として使われます。 現代の近い語は「こんにち」です。 語源的には古典日本語に由来します。,こんにち:今日,時間,1
けに,けに,やけに・いっそう,古典的な用例では「やけに・いっそう」として使われます。 現代の近い語は「やけに」です。,やけに:妙に,文法,2
ここち,ここち,気持ち・感覚,古典的な用例では「気持ち・感覚」として使われます。 現代の近い語は「きもち」です。,きもち:気分,感情,1
こと,こと,事柄・事情,古典的な用例では「事柄・事情」として使われます。 現代の近い語は「じけん」です。,じけん:事件,文法,1
ことごとし,ことごとし,大げさだ,古典的な用例では「大げさだ」として使われます。 現代の近い語は「おおげさ」です。,おおげさ:誇張,文法,2
こまやか,こまやか,細やかだ・深い,古典的な用例では「細やかだ・深い」として使われます。 現代の近い語は「こまかい」です。,こまかい:細やか,感情,2
こよなし,こよなし,比べるものがない・格別だ,古典的な用例では「比べるものがない・格別だ」として使われます。 現代の近い語は「とくべつ」です。,とくべつ:特別,感情,2
さはる,さはる,差し支える・妨げる,古典的な用例では「差し支える・妨げる」として使われます。 現代の近い語は「さまたげる」です。,さまたげる:妨害,文法,2
さま,さま,様子・風情,古典的な用例では「様子・風情」として使われます。 現代の近い語は「ようす」です。,ようす:様子,文法,1
さる,さる,適当な・そういう,古典的な用例では「適当な・そういう」として使われます。 現代の近い語は「そういう」です。,そういう:その,文法,1
しほ,しほ,潮・涙,古典的な用例では「潮・涙」として使われます。 現代の近い語は「しお」です。,しお:潮,自然,2
したし,したし,親しい・親しむ,古典的な用例では「親しい・親しむ」として使われます。 現代の近い語は「なじむ」です。,なじむ:親しむ,感情,1
しら,しら,知らない・知らず,古典的な用例では「知らない・知らず」として使われます。 現代の近い語は「しらない」です。,しらない:無知,文法,2
すさまじ,すさまじ,興ざめだ・むごい,古典的な用例では「興ざめだ・むごい」として使われます。 現代の近い語は「むごい」です。,むごい:酷い,感情,2
せめて,せめて,ぜひとも・切迫して,古典的な用例では「ぜひとも・切迫して」として使われます。 現代の近い語は「ぜひ」です。,ぜひ:必ず,文法,2
たのむ,たのむ,頼む・期待する,古典的な用例では「頼む・期待する」として使われます。 現代の近い語は「たよる」です。,たよる:依存,文法,1
たふ,たふ,耐える・十分である,古典的な用例では「耐える・十分である」として使われます。 現代の近い語は「たえる」です。,たえる:耐える,感情,2
ちぎる,ちぎる,約束する・契る,古典的な用例では「約束する・契る」として使われます。 現代の近い語は「やくそく」です。,やくそく:約束,文法,2
つつむ,つつむ,包む・遠慮する,古典的な用例では「包む・遠慮する」として使われます。 現代の近い語は「かくす」です。,かくす:隠す,感情,2
つつまし,つつまし,控えめだ・慎ましい,古典的な用例では「控えめだ・慎ましい」として使われます。 現代の近い語は「つつましい」です。,つつましい:慎ましい,感情,2
てうず,てうず,手際よく処理する,古典的な用例では「手際よく処理する」として使われます。 現代の近い語は「こなす」です。,こなす:処理,文法,3
とが,とが,罪・欠点,古典的な用例では「罪・欠点」として使われます。 現代の近い語は「あやまち」です。,あやまち:過失,地理,2
なぐさむ,なぐさむ,慰める・楽しむ,古典的な用例では「慰める・楽しむ」として使われます。 現代の近い語は「なぐさめる」です。,なぐさめる:慰め,感情,1
ながる,ながる,涙を流す・流れ落ちる,古典的な用例では「涙を流す・流れ落ちる」として使われます。 現代の近い語は「なみだ」です。,なみだ:涙,感情,2
ならふ,ならふ,習う・慣れる,古典的な用例では「習う・慣れる」として使われます。 現代の近い語は「ならう」です。,ならう:学習,学校,1
にほふ,にほふ,美しく香る・栄える,古典的な用例では「美しく香る・栄える」として使われます。 現代の近い語は「におう」です。,におう:香る,感情,2
ねぶ,ねぶ,年をとる・眠る,古典的な用例では「年をとる・眠る」として使われます。 現代の近い語は「としをとる」です。,としをとる:加齢,感情,2
ののしる,ののしる,大声で言う・盛んだ,古典的な用例では「大声で言う・盛んだ」として使われます。 現代の近い語は「さかん」です。,さかん:盛ん,感情,2
はかる,はかる,計る・たくらむ,古典的な用例では「計る・たくらむ」として使われます。 現代の近い語は「たくらむ」です。,たくらむ:企む,文法,2
はづかしむ,はづかしむ,気後れする,古典的な用例では「気後れする」として使われます。 現代の近い語は「てれ」です。,てれ:照れ,感情,2
ひとやり,ひとやり,人に向けること,古典的な用例では「人に向けること」として使われます。 現代の近い語は「ひとめ」です。,ひとめ:人目,文法,2
ひとめ,ひとめ,人目・注目,古典的な用例では「人目・注目」として使われます。 現代の近い語は「みられる」です。,みられる:注目,感情,2
ふす,ふす,横になる・寝る,古典的な用例では「横になる・寝る」として使われます。 現代の近い語は「ねる」です。,ねる:就寝,感情,1
ふる,ふる,古い・用いる,古典的な用例では「古い・用いる」として使われます。 現代の近い語は「ふるい」です。,ふるい:古い,感情,2
ほい,ほい,意図・願望,古典では「意図・願望」の意味で用いられました。 現代の近い語は「ねがい」です。 語源的には古典日本語に由来します。,ねがい:希望,文法,2
まじ,まじ,〜ないだろう・不可能,古典的な用例では「〜ないだろう・不可能」として使われます。 現代の近い語は「ありえない」です。,ありえない:不可,文法,2
まさる,まさる,勝る・優れる,古典的な用例では「勝る・優れる」として使われます。 現代の近い語は「すぐれる」です。,すぐれる:優秀,感情,2
ますらを,ますらを,男らしい・勇ましい,古典的な用例では「男らしい・勇ましい」として使われます。 現代の近い語は「おとこまえ」です。,おとこまえ:勇敢,感情,3
みゆ,みゆ,見える・見られる・現れる,古典的な用例では「見える・見られる・現れる」として使われます。 現代の近い語は「みえる」です。,みえる:見える,文法,1
むくつけし,むくつけし,不気味だ・無骨だ,古典では「不気味だ・無骨だ」の意味で用いられました。 現代の近い語は「ぶきみ」です。 語源的には古典日本語に由来します。,ぶきみ:不気味,感情,3
むべ,むべ,なるほど・尤もだ,古典では「なるほど・尤もだ」の意味で用いられました。 現代の近い語は「なるほど」です。 語源的には古典日本語に由来します。,なるほど:確かに,文法,2
めざまし,めざまし,気に食わない・すばらしい,古典的な用例では「気に食わない・すばらしい」として使われます。 現代の近い語は「いやだ」です。,いやだ:不快,感情,2
もよおす,もよおす,催す・催促する,古典的な用例では「催す・催促する」として使われます。 現代の近い語は「もよおす」です。,もよおす:催す,文法,2
やすし,やすし,容易だ・安心だ,古典的な用例では「容易だ・安心だ」として使われます。 現代の近い語は「たやすい」です。,たやすい:簡単,感情,1
ゆゆし,ゆゆし,重大だ・恐ろしい,古典的な用例では「重大だ・恐ろしい」として使われます。 現代の近い語は「おそろしい」です。,おそろしい:恐怖,感情,3
よむ,よむ,読む・占う,古典的な用例では「読む・占う」として使われます。 現代の近い語は「よみ」です。,よみ:読書,文化,1
よろづ,よろづ,あらゆること・万事,古典的な用例では「あらゆること・万事」として使われます。 現代の近い語は「すべて」です。,すべて:全部,文法,2
わざと,わざと,特別に・わざわざ,古典的な用例では「特別に・わざわざ」として使われます。 現代の近い語は「わざわざ」です。,わざわざ:意図,文法,2
わろし,わろし,好ましくない・悪い,古典的な用例では「好ましくない・悪い」として使われます。 現代の近い語は「まずい」です。,まずい:悪い,感情,2
をさをさ,をさをさ,ほとんど〜ない,古典的な用例では「ほとんど〜ない」として使われます。 現代の近い語は「めったに」です。,めったに:稀,文法,3
あな,あな,ああ（感嘆）・穴,古典的な用例では「ああ（感嘆）・穴」として使われます。 現代の近い語は「ああ」です。,ああ:感嘆,感情,1
あなかしこ,あなかしこ,ああ恐ろしや・前置きで用いる,古典的な用例では「ああ恐ろしや・前置きで用いる」として使われます。 現代の近い語は「あぶない」です。,あぶない:危険,買い物,3
あなづらはし,あなづらはし,軽んじられる,古典的な用例では「軽んじられる」として使われます。 現代の近い語は「さげすむ」です。,さげすむ:軽蔑,感情,3
あまねし,あまねし,広く行き渡る,古典的な用例では「広く行き渡る」として使われます。 現代の近い語は「あまねく」です。,あまねく:遍く,文法,2
あまやかす,あまやかす,甘やかす,古典的な用例では「甘やかす」として使われます。 現代の近い語は「かわいがる」です。,かわいがる:甘やかす,感情,2
あらまほし,あらまほし,望ましい・理想的だ,古典的な用例では「望ましい・理想的だ」として使われます。 現代の近い語は「のぞましい」です。,のぞましい:理想,感情,2
ありがたし,ありがたし,めったにない・ありがたい,古典的な用例では「めったにない・ありがたい」として使われます。 現代の近い語は「めずらしい」です。,めずらしい:珍しい,感情,2
ありく,ありく,歩き回る・〜し続ける,古典的な用例では「歩き回る・〜し続ける」として使われます。 現代の近い語は「あるく」です。,あるく:歩く,文法,2
いまめかし,いまめかし,華やかだ・現代風だ,古典的な用例では「華やかだ・現代風だ」として使われます。 現代の近い語は「はやり」です。,はやり:流行,文化,2
いざ,いざ,さあ・さあ行こう,古典的な用例では「さあ・さあ行こう」として使われます。 現代の近い語は「さあ」です。,さあ:促し,文法,1
いづ,いづ,出る・生ずる,古典では「出る・生ずる」の意味で用いられました。 現代の近い語は「でる」です。 語源的には古典日本語に由来します。,でる:出る,文法,2
いたはる,いたはる,病気をする・労る,古典的な用例では「病気をする・労る」として使われます。 現代の近い語は「いたわる」です。,いたわる:看護,健康,2
いぶせし,いぶせし,不快だ・気がかりだ,古典的な用例では「不快だ・気がかりだ」として使われます。 現代の近い語は「うっとうしい」です。,うっとうしい:鬱陶しい,感情,2
いも,いも,妹・弟,古典的な用例では「妹・弟」として使われます。 現代の近い語は「いもうと」です。,いもうと:妹,家族,1
うら,うら,裏・頼り,古典的な用例では「裏・頼り」として使われます。 現代の近い語は「うらがえし」です。,うらがえし:裏側,文法,2
えん,えん,縁・つながり,古典的な用例では「縁・つながり」として使われます。 現代の近い語は「えにし」です。,えにし:縁,家族,2
おとなし,おとなし,大人びている・落ち着いている,古典的な用例では「大人びている・落ち着いている」として使われます。 現代の近い語は「おとなしい」です。,おとなしい:落ち着き,感情,1
おもさげなり,おもさげなり,気が重い・重々しい,古典的な用例では「気が重い・重々しい」として使われます。 現代の近い語は「おもたい」です。,おもたい:重い,感情,3
かえすがへす,かえすがへす,何度も・しつこく,古典的な用例では「何度も・しつこく」として使われます。 現代の近い語は「しつこく」です。,しつこく:反復,文法,2
かざす,かざす,差し出す・掲げる,古典的な用例では「差し出す・掲げる」として使われます。 現代の近い語は「かかげる」です。,かかげる:掲げる,文法,2
かしづく,かしづく,大切に世話する,古典的な用例では「大切に世話する」として使われます。 現代の近い語は「かいがいしく」です。,かいがいしく:世話,感情,2
かなしげ,かなしげ,悲しげだ,古典的な用例では「悲しげだ」として使われます。 現代の近い語は「かなしい」です。,かなしい:哀愁,感情,2
からうじて,からうじて,どうにか・かろうじて,古典的な用例では「どうにか・かろうじて」として使われます。 現代の近い語は「かろうじて」です。,かろうじて:辛うじて,文法,2
きこしめす,きこしめす,お聞きになる・召し上がる,古典的な用例では「お聞きになる・召し上がる」として使われます。 現代の近い語は「きく」です。 尊敬語として用いられます。,きく:聞く,文法,3
くさまくら,くさまくら,仮寝・旅の寝具,古典的な用例では「仮寝・旅の寝具」として使われます。 現代の近い語は「たびのね」です。,たびのね:旅寝,文化,3
くるめく,くるめく,めまぐるしく変わる,古典的な用例では「めまぐるしく変わる」として使われます。 現代の近い語は「めまぐるしい」です。,めまぐるしい:変化,文法,3
けしきばむ,けしきばむ,不機嫌そうにする,古典的な用例では「不機嫌そうにする」として使われます。 現代の近い語は「ふてくされる」です。,ふてくされる:不機嫌,感情,2
こほろぎ,こほろぎ,コオロギ・虫の一種,古典では「コオロギ・虫の一種」の意味で用いられました。 現代の近い語は「むし」です。 語源的には古典日本語に由来します。,むし:昆虫,自然,2
さからふ,さからふ,逆らう・反抗する,古典的な用例では「逆らう・反抗する」として使われます。 現代の近い語は「さからう」です。,さからう:抵抗,文法,2
さめざめ,さめざめ,静かに涙を流す様,古典的な用例では「静かに涙を流す様」として使われます。 現代の近い語は「なみだ」です。,なみだ:涙,感情,3
しる,しる,治める・知る,古典では「治める・知る」の意味で用いられました。 現代の近い語は「しれる」です。 語源的には古典日本語に由来します。,しれる:知る,文法,2
すつ,すつ,捨てる,古典的な用例では「捨てる」として使われます。 現代の近い語は「すてる」です。,すてる:破棄,文法,2
せうそこ,せうそこ,使者・手紙,古典的な用例では「使者・手紙」として使われます。 現代の近い語は「しんぶん」です。,しんぶん:伝達,文法,3
たよる,たよる,頼る・よる,古典的な用例では「頼る・よる」として使われます。 現代の近い語は「よる」です。,よる:依存,感情,2
ちはやぶる,ちはやぶる,神々しい・激しい,古典的な用例では「神々しい・激しい」として使われます。 現代の近い語は「かみがみ」です。,かみがみ:神,文化,3
つくろふ,つくろふ,修繕する・整える,古典的な用例では「修繕する・整える」として使われます。 現代の近い語は「なおす」です。,なおす:修理,文法,2
つれづれぐさ,つれづれぐさ,退屈で暇な様子,古典的な用例では「退屈で暇な様子」として使われます。 現代の近い語は「ひま」です。 語源的には古典日本語に由来します。,ひま:暇,文化,3
とめる,とめる,留める・止める,古典的な用例では「留める・止める」として使われます。 現代の近い語は「とめる」です。,とめる:停止,文法,1
なまめかし,なまめかし,色っぽい・しなやかだ,古典的な用例では「色っぽい・しなやかだ」として使われます。 現代の近い語は「あでやか」です。,あでやか:艶やか,感情,3
にくし,にくし,憎らしい・いやだ,古典的な用例では「憎らしい・いやだ」として使われます。 現代の近い語は「きらい」です。,きらい:嫌い,感情,2
ぬすむ,ぬすむ,盗む・隠す,古典的な用例では「盗む・隠す」として使われます。 現代の近い語は「とる」です。,とる:窃盗,文化,3
ねんず,ねんず,祈る・心の中で願う,古典的な用例では「祈る・心の中で願う」として使われます。 現代の近い語は「いのる」です。,いのる:祈願,健康,2
ののしき,ののしき,騒がしい・盛んだ,古典的な用例では「騒がしい・盛んだ」として使われます。 現代の近い語は「にぎやか」です。,にぎやか:喧騒,感情,2
はやぶさ,はやぶさ,速い鳥・疾風,古典的な用例では「速い鳥・疾風」として使われます。 現代の近い語は「はやい」です。,はやい:迅速,自然,3
ひさし,ひさし,長さ・長い期間,古典では「長さ・長い期間」の意味で用いられました。 現代の近い語は「ながい」です。 語源的には古典日本語に由来します。,ながい:長期,時間,2
ひとかた,ひとかた,一人分・一方,古典的な用例では「一人分・一方」として使われます。 現代の近い語は「ひとり」です。,ひとり:一人,文法,2
ふところ,ふところ,懐・胸中,古典的な用例では「懐・胸中」として使われます。 現代の近い語は「こころ」です。,こころ:胸,感情,2
ほのか,ほのか,かすかだ・ほのめかす,古典的な用例では「かすかだ・ほのめかす」として使われます。 現代の近い語は「かすかな」です。,かすかな:微妙,感情,2
まうけ,まうけ,準備・用意,古典的な用例では「準備・用意」として使われます。 現代の近い語は「ようい」です。,ようい:準備,文法,2
まうら,まうら,前・前方,古典では「前・前方」の意味で用いられました。 現代の近い語は「まえ」です。 語源的には古典日本語に由来します。,まえ:前,文法,2
まどひ,まどひ,迷い・錯乱,古典的な用例では「迷い・錯乱」として使われます。 現代の近い語は「まよう」です。,まよう:迷う,感情,2
みち,みち,道・方法,古典的な用例では「道・方法」として使われます。 現代の近い語は「みち」です。,みち:方法,文法,1
むね,むね,胸・主旨,古典的な用例では「胸・主旨」として使われます。 現代の近い語は「こころ」です。,こころ:主旨,文法,1
めやす,めやす,目安・目標,古典的な用例では「目安・目標」として使われます。 現代の近い語は「もくひょう」です。,もくひょう:目標,文法,2
もだす,もだす,もじもじする・悩む,古典的な用例では「もじもじする・悩む」として使われます。 現代の近い語は「もじもじ」です。,もじもじ:逡巡,感情,3
やがて（追加）,やがて,そのうち・まもなく,古典的な用例では「そのうち・まもなく」として使われます。 現代の近い語は「まもなく」です。,まもなく:即時,時間,1
やぶる,やぶる,破る・破棄する,古典的な用例では「破る・破棄する」として使われます。 現代の近い語は「やぶる」です。,やぶる:破壊,科学,2
やむ,やむ,やめる・終わる,古典的な用例では「やめる・終わる」として使われます。 現代の近い語は「やめる」です。,やめる:停止,文法,1
ゆくりなし,ゆくりなし,不意だ・不都合だ,古典的な用例では「不意だ・不都合だ」として使われます。 現代の近い語は「ふい」です。,ふい:突然,感情,3
よしなしごと,よしなしごと,つまらぬこと・無益なこと,古典的な用例では「つまらぬこと・無益なこと」として使われます。 現代の近い語は「むだ」です。,むだ:無益,感情,2
よろこぶ,よろこぶ,喜ぶ・祝う,古典的な用例では「喜ぶ・祝う」として使われます。 現代の近い語は「よろこばしい」です。,よろこばしい:喜悦,感情,1
わづらふ,わづらふ,悩む・病む,古典的な用例では「悩む・病む」として使われます。 現代の近い語は「なやむ」です。,なやむ:悩む,感情,2
をさむ,をさむ,治める・統治する,古典的な用例では「治める・統治する」として使われます。 現代の近い語は「おさめる」です。,おさめる:統治,地理,3
をののく,をののく,恐れる・怖がる,古典的な用例では「恐れる・怖がる」として使われます。 現代の近い語は「おそれる」です。,おそれる:恐怖,感情,3
あやにく,あやにく,あいにく・意地が悪い,古典的な用例では「あいにく・意地が悪い」として使われます。 現代の近い語は「あいにく」です。,あいにく:不運,感情,2
あやしき,あやしき,不思議な・怪しい,古典的な用例では「不思議な・怪しい」として使われます。 現代の近い語は「ふしぎ」です。,ふしぎ:奇異,感情,2
ありしひ,ありしひ,昔の人・過ぎ去った日,古典的な用例では「昔の人・過ぎ去った日」として使われます。 現代の近い語は「むかし」です。,むかし:往時,文化,3
いとにくし,いとにくし,非常にいやだ,古典では「非常にいやだ」の意味で用いられました。 現代の近い語は「ひどく」です。 語源的には古典日本語に由来します。,ひどく:非常,感情,3
いとどし,いとどし,ますますひどい,古典的な用例では「ますますひどい」として使われます。 現代の近い語は「ますます」です。,ますます:増加,文法,2
うるはしく,うるはしく,整っている様,古典的な用例では「整っている様」として使われます。 現代の近い語は「きちんと」です。,きちんと:整然,感情,2
えもいはず,えもいはず,言い表せないほど,古典的な用例では「言い表せないほど」として使われます。 現代の近い語は「ことばにできない」です。,ことばにできない:無言,感情,3
おおせ,おおせ,お言葉・命令,古典的な用例では「お言葉・命令」として使われます。 現代の近い語は「めいれい」です。,めいれい:命令,買い物,3
おいらか,おいらか,落ち着いている・穏やかだ,古典的な用例では「落ち着いている・穏やかだ」として使われます。 現代の近い語は「おだやか」です。,おだやか:穏やか,感情,2
かきくらす,かきくらす,憂鬱にする・空を暗くする,古典的な用例では「憂鬱にする・空を暗くする」として使われます。 現代の近い語は「くらくする」です。,くらくする:憂鬱,感情,3
かしこく,かしこく,賢く・恐ろしく,古典的な用例では「賢く・恐ろしく」として使われます。 現代の近い語は「かしこし」です。,かしこし:恐れ多い,文法,2
かすかなり,かすかなり,かすかである,古典的な用例では「かすかである」として使われます。 現代の近い語は「ほのか」です。,ほのか:かすか,感情,2
かたちばむ,かたちばむ,体裁を繕う,古典的な用例では「体裁を繕う」として使われます。 現代の近い語は「ていねい」です。,ていねい:整える,文法,2
かなしゅう,かなしゅう,悲しげに,古典的な用例では「悲しげに」として使われます。 現代の近い語は「かなしい」です。,かなしい:悲哀,感情,2
かぶらむ,かぶらむ,かぶるだろう,古典的な用例では「かぶるだろう」として使われます。 現代の近い語は「かぶる」です。,かぶる:被る,文法,3
きはめて,きはめて,きわめて,古典的な用例では「きわめて」として使われます。 現代の近い語は「たいへん」です。,たいへん:非常,感情,2
きみがよ,きみがよ,君の世・皇室を讃える詠嘆表現,古典的な用例では「君の世・皇室を讃える詠嘆表現」として使われます。 現代の近い語は「政治」です。,政治,感情,3
くはし,くはし,詳しい,古典的な用例では「詳しい」として使われます。 現代の近い語は「つまびらか」です。,つまびらか:詳細,文法,2
くらし,くらし,暗い・悲しい,古典的な用例では「暗い・悲しい」として使われます。 現代の近い語は「くらい」です。,くらい:暗い,感情,3
こよい,こよい,今夜,古典的な用例では「今夜」として使われます。 現代の近い語は「こんばん」です。,こんばん:今夜,時間,1
さこそ,さこそ,確かに〜だ・強調,古典的な用例では「確かに〜だ・強調」として使われます。 現代の近い語は「たしかに」です。,たしかに:確信,文法,2
さればよ,さればよ,だからよ・そのためよ,古典的な用例では「だからよ・そのためよ」として使われます。 現代の近い語は「だから」です。,だから:結論,文法,2
しるく,しるく,明らかに,古典的な用例では「明らかに」として使われます。 現代の近い語は「はっきり」です。,はっきり:明白,文法,2
すきずきし,すきずきし,風流だ・好色だ,古典的な用例では「風流だ・好色だ」として使われます。 現代の近い語は「みやび」です。,みやび:雅,感情,3
せうし,せうし,接待役・使者,古典的な用例では「接待役・使者」として使われます。 現代の近い語は「つかい」です。,つかい:使者,家族,3
たぐひ,たぐひ,仲間・類,古典的な用例では「仲間・類」として使われます。 現代の近い語は「なかま」です。,なかま:仲間,文化,2
たよりなし,たよりなし,頼りない・不安だ,古典的な用例では「頼りない・不安だ」として使われます。 現代の近い語は「あてにならない」です。,あてにならない:不安,感情,2
つれづれに,つれづれに,退屈して・所在なく,古典的な用例では「退屈して・所在なく」として使われます。 現代の近い語は「ひま」です。,ひま:暇,文化,2
とがめ,とがめ,咎め・非難,古典的な用例では「咎め・非難」として使われます。 現代の近い語は「せんたく」です。,せんたく:責め,健康,2
なほさら,なほさら,ますます・いっそう,古典的な用例では「ますます・いっそう」として使われます。 現代の近い語は「さらに」です。,さらに:追加,文法,2
にくまし,にくまし,憎たらしい,古典的な用例では「憎たらしい」として使われます。 現代の近い語は「にくらしい」です。,にくらしい:嫌悪,感情,3
のがる,のがる,逃れる・免れる,古典的な用例では「逃れる・免れる」として使われます。 現代の近い語は「にげる」です。,にげる:逃避,文法,2
はしたなし,はしたなし,中途半端だ・間が悪い,古典的な用例では「中途半端だ・間が悪い」として使われます。 現代の近い語は「まずい」です。,まずい:不適,感情,2
はらから,はらから,兄弟姉妹,古典的な用例では「兄弟姉妹」として使われます。 現代の近い語は「きょうだい」です。,きょうだい:兄弟,科学,1
ひとこと,ひとこと,一言・短い言葉,古典的な用例では「一言・短い言葉」として使われます。 現代の近い語は「ひとこと」です。,ひとこと:短句,文法,1
ふみならず,ふみならず,非情だ・冷淡だ,古典的な用例では「非情だ・冷淡だ」として使われます。 現代の近い語は「ひどい」です。,ひどい:冷淡,感情,3
ほのぼの,ほのぼの,かすかに・のどかに,古典的な用例では「かすかに・のどかに」として使われます。 現代の近い語は「のどか」です。,のどか:穏やか,感情,2
まばゆし,まばゆし,眩しい・恥ずかしい,古典では「眩しい・恥ずかしい」の意味で用いられました。 現代の近い語は「まぶしい」です。 語源的には古典日本語に由来します。,まぶしい:光,感情,2
まきなみ,まきなみ,巻物・記録,古典的な用例では「巻物・記録」として使われます。 現代の近い語は「まきもの」です。,まきもの:文書,文化,3
みだる,みだる,乱れる・乱す,古典的な用例では「乱れる・乱す」として使われます。 現代の近い語は「みだれる」です。,みだれる:混乱,感情,3
むめい,むめい,名前のない・匿名の,古典的な用例では「名前のない・匿名の」として使われます。 現代の近い語は「ななし」です。,ななし:無名,文法,3
めおと,めおと,夫婦,古典的な用例では「夫婦」として使われます。 現代の近い語は「ふうふ」です。,ふうふ:夫婦,地理,1
もてなす,もてなす,もてなす・待遇する,古典的な用例では「もてなす・待遇する」として使われます。 現代の近い語は「ていねい」です。,ていねい:接待,文化,1
やうやう,やうやう,だんだん・次第に,古典的な用例では「だんだん・次第に」として使われます。 現代の近い語は「だんだん」です。,だんだん:徐々に,時間,1
やにふ,やにふ,辞退する・断る,古典的な用例では「辞退する・断る」として使われます。 現代の近い語は「ことわる」です。,ことわる:断る,文法,3
ゆるす,ゆるす,許す・赦す,古典的な用例では「許す・赦す」として使われます。 現代の近い語は「ゆるす」です。,ゆるす:容赦,買い物,1
よきかな,よきかな,よいではないか,古典的な用例では「よいではないか」として使われます。 現代の近い語は「よろしい」です。,よろしい:良好,感情,1
わずらわし,わずらわし,面倒で煩わしい,古典的な用例では「面倒で煩わしい」として使われます。 現代の近い語は「めんどう」です。,めんどう:煩雑,感情,2
をく,をく,置く・残す,古典的な用例では「置く・残す」として使われます。 現代の近い語は「おく」です。,おく:配置,文法,2
をほめる,をほめる,褒める,古典的な用例では「褒める」として使われます。 現代の近い語は「ほめる」です。,ほめる:賛辞,感情,1
あらむ,あらむ,〜であろう,古典的な用例では「〜であろう」として使われます。 現代の近い語は「だろう」です。,だろう:推量,文法,2
あり,あり,存在する・いる,古典的な用例では「存在する・いる」として使われます。 現代の近い語は「いる」です。,いる:存在,文法,1
ありあり,ありあり,はっきりしている,古典的な用例では「はっきりしている」として使われます。 現代の近い語は「はっきり」です。,はっきり:明確,文法,2
あらはれ,あらはれ,明らかだ,古典的な用例では「明らかだ」として使われます。 現代の近い語は「あきらか」です。,あきらか:顕著,文法,2
あらまし,あらまし,大体の見当・計画,古典的な用例では「大体の見当・計画」として使われます。 現代の近い語は「おおまか」です。,おおまか:概略,文法,2
いざよふ,いざよふ,ためらう・躊躇する,古典的な用例では「ためらう・躊躇する」として使われます。 現代の近い語は「ためらう」です。,ためらう:躊躇,感情,2
いとけなし,いとけなし,幼い・未熟だ,古典的な用例では「幼い・未熟だ」として使われます。 現代の近い語は「おさない」です。,おさない:幼い,感情,1
いとどしき,いとどしき,よりいっそう・甚だしい,古典的な用例では「よりいっそう・甚だしい」として使われます。 現代の近い語は「ますます」です。,ますます:増加,文法,2
いぶせかり,いぶせかり,重苦しい感じだ,古典的な用例では「重苦しい感じだ」として使われます。 現代の近い語は「うっとうしい」です。,うっとうしい:鬱陶しい,感情,3
うつくゆ,うつくゆ,かわいらしい,古典的な用例では「かわいらしい」として使われます。 現代の近い語は「かわいい」です。,かわいい:愛らしい,感情,1
うつわ,うつわ,器・才能,古典的な用例では「器・才能」として使われます。 現代の近い語は「うつわ」です。,うつわ:才能,文法,2
うらぶる,うらぶる,荒廃する・寂れる,古典的な用例では「荒廃する・寂れる」として使われます。 現代の近い語は「さびしい」です。,さびしい:荒廃,感情,3
おくる,おくる,遅れる,古典的な用例では「遅れる」として使われます。 現代の近い語は「おそくなる」です。,おそくなる:遅延,文法,1
おごる,おごる,尊大だ・奢る,古典的な用例では「尊大だ・奢る」として使われます。 現代の近い語は「おごり」です。,おごり:高慢,感情,2
おとづれる,おとづれる,訪れる,古典的な用例では「訪れる」として使われます。 現代の近い語は「たずねる」です。,たずねる:訪問,文法,1
おびえる,おびえる,怖がる,古典的な用例では「怖がる」として使われます。 現代の近い語は「こわがる」です。,こわがる:恐怖,感情,2
おろそか,おろそか,いい加減だ,古典的な用例では「いい加減だ」として使われます。 現代の近い語は「いいかげん」です。,いいかげん:無頓着,感情,2
かくす,かくす,隠す,古典的な用例では「隠す」として使われます。 現代の近い語は「かくれる」です。,かくれる:隠匿,文法,1
かさね,かさね,重ねること・累積,古典的な用例では「重ねること・累積」として使われます。 現代の近い語は「かさねる」です。,かさねる:累積,文法,2
かしまし,かしまし,騒がしい,古典的な用例では「騒がしい」として使われます。 現代の近い語は「にぎやか」です。,にぎやか:騒音,感情,2
かたつ,かたつ,片付ける,古典的な用例では「片付ける」として使われます。 現代の近い語は「かたづける」です。,かたづける:整理,文法,1
かなしげなり,かなしげなり,悲しげである,古典的な用例では「悲しげである」として使われます。 現代の近い語は「かなしい」です。,かなしい:哀愁,感情,2
かぶかる,かぶかる,被せられる・覆われる,古典的な用例では「被せられる・覆われる」として使われます。 現代の近い語は「おおわれる」です。,おおわれる:覆う,文法,2
かよふ,かよふ,通う・往来する,古典的な用例では「通う・往来する」として使われます。 現代の近い語は「かよう」です。,かよう:通学,時間,1
きえず,きえず,消えない,古典的な用例では「消えない」として使われます。 現代の近い語は「のこる」です。,のこる:持続,文法,2
きよめる,きよめる,清める,古典的な用例では「清める」として使われます。 現代の近い語は「きよらか」です。,きよらか:清浄,スポーツ,2
くむ,くむ,組む・汲む,古典的な用例では「組む・汲む」として使われます。 現代の近い語は「くみあう」です。,くみあう:協力,文法,1
くまなし,くまなし,隅々まで・抜け目ない,古典的な用例では「隅々まで・抜け目ない」として使われます。 現代の近い語は「もれない」です。,もれない:完備,文法,2
くるしげ,くるしげ,苦しげだ,古典的な用例では「苦しげだ」として使われます。 現代の近い語は「つらそう」です。,つらそう:苦悩,感情,2
くわだつ,くわだつ,興奮する・噂される,古典的な用例では「興奮する・噂される」として使われます。 現代の近い語は「さわぐ」です。,さわぐ:騒然,感情,3
けだし,けだし,思うに・たぶん,古典的な用例では「思うに・たぶん」として使われます。 現代の近い語は「おそらく」です。,おそらく:推定,文法,2
こもる,こもる,篭る・こもる,古典的な用例では「篭る・こもる」として使われます。 現代の近い語は「ひきこもる」です。,ひきこもる:閉鎖,感情,2
こよる,こよる,夜更ける,古典的な用例では「夜更ける」として使われます。 現代の近い語は「よふける」です。,よふける:夜更け,時間,2
さく,さく,裂ける・咲く,古典的な用例では「裂ける・咲く」として使われます。 現代の近い語は「さける」です。,さける:裂開,自然,1
さくや,さくや,さっき・昨夜,古典的な用例では「さっき・昨夜」として使われます。 現代の近い語は「ゆうべ」です。,ゆうべ:昨夜,時間,1
さとる,さとる,悟る・理解する,古典的な用例では「悟る・理解する」として使われます。 現代の近い語は「わかる」です。,わかる:理解,文法,2
しきり,しきり,しきりに・多い,古典的な用例では「しきりに・多い」として使われます。 現代の近い語は「しきりに」です。,しきりに:頻発,時間,1
しずまる,しずまる,静まる,古典的な用例では「静まる」として使われます。 現代の近い語は「おさまる」です。,おさまる:鎮静,感情,1
しのぐ,しのぐ,凌ぐ・耐える,古典的な用例では「凌ぐ・耐える」として使われます。 現代の近い語は「たえる」です。,たえる:耐える,感情,2
すぐる,すぐる,過ぎる・優れる,古典的な用例では「過ぎる・優れる」として使われます。 現代の近い語は「すぎる」です。,すぎる:超過,文法,1
すまふ,すまふ,辞退する・拒む,古典的な用例では「辞退する・拒む」として使われます。 現代の近い語は「ことわる」です。,ことわる:断念,文法,3
せがむ,せがむ,せがむ・頼む,古典的な用例では「せがむ・頼む」として使われます。 現代の近い語は「たのむ」です。,たのむ:懇願,感情,2
そむく,そむく,背く・従わない,古典的な用例では「背く・従わない」として使われます。 現代の近い語は「さからう」です。,さからう:反逆,文法,3
たえる,たえる,耐える・足りる,古典的な用例では「耐える・足りる」として使われます。 現代の近い語は「たつ」です。,たつ:耐久,感情,2
たばかる,たばかる,策略をめぐらす,古典的な用例では「策略をめぐらす」として使われます。 現代の近い語は「たくらむ」です。,たくらむ:奸計,テクノロジー,3
たのしむ,たのしむ,楽しむ,古典的な用例では「楽しむ」として使われます。 現代の近い語は「たのしみ」です。,たのしみ:娯楽,感情,1
ちる,ちる,散る,古典的な用例では「散る」として使われます。 現代の近い語は「散る」です。,散る:散布,自然,1
つきあたる,つきあたる,行き当たる,古典的な用例では「行き当たる」として使われます。 現代の近い語は「あう」です。,あう:遭遇,文法,2
つかまつる,つかまつる,お仕えする（古語丁寧） ,古典的な用例では「お仕えする（古語丁寧） 」として使われます。 現代の近い語は「つかえる」です。,つかえる:侍従,文法,3
つれ,つれ,連れ・同行,古典的な用例では「連れ・同行」として使われます。 現代の近い語は「とも」です。,とも:同行,文化,1
てらす,てらす,照らす,古典的な用例では「照らす」として使われます。 現代の近い語は「てらす」です。,てらす:照明,自然,1
とがなす,とがなす,非難する,古典的な用例では「非難する」として使われます。 現代の近い語は「せめる」です。,せめる:攻め,その他,3
とおる,とおる,通る,古典的な用例では「通る」として使われます。 現代の近い語は「とおる」です。,とおる:通過,文法,1
とばる,とばる,飛ばされる・跳ねる,古典的な用例では「飛ばされる・跳ねる」として使われます。 現代の近い語は「とぶ」です。,とぶ:飛翔,自然,2
ながれる,ながれる,流れる,古典的な用例では「流れる」として使われます。 現代の近い語は「ながれる」です。,ながれる:流動,自然,1
なぐさめ,なぐさめ,慰め,古典的な用例では「慰め」として使われます。 現代の近い語は「なぐさめ」です。,なぐさめ:慰藉,感情,1
になふ,になふ,似合う・適する,古典的な用例では「似合う・適する」として使われます。 現代の近い語は「にあう」です。,にあう:適合,文法,2
にほひ,にほひ,香り・艶やかさ,古典的な用例では「香り・艶やかさ」として使われます。 現代の近い語は「かおり」です。,かおり:香り,感情,2
ぬく,ぬく,抜く・抜ける,古典的な用例では「抜く・抜ける」として使われます。 現代の近い語は「ぬける」です。,ぬける:取り除く,文法,1
のぞく,のぞく,覗く・のぞむ,古典的な用例では「覗く・のぞむ」として使われます。 現代の近い語は「のぞむ」です。,のぞむ:期待,感情,2
はらむ,はらむ,孕む・抱える,古典的な用例では「孕む・抱える」として使われます。 現代の近い語は「はらむ」です。,はらむ:懐妊,自然,3
ひるがへる,ひるがへる,翻る・変わる,古典的な用例では「翻る・変わる」として使われます。 現代の近い語は「ひるがえる」です。,ひるがえる:変化,文法,3
ふかし,ふかし,深し・深い,古典的な用例では「深し・深い」として使われます。 現代の近い語は「ふかい」です。,ふかい:深度,感情,2
ふせる,ふせる,伏せる・隠す,古典的な用例では「伏せる・隠す」として使われます。 現代の近い語は「ふせる」です。,ふせる:隠蔽,文法,1
ふるまう,ふるまう,振る舞う,古典的な用例では「振る舞う」として使われます。 現代の近い語は「ふるまい」です。,ふるまい:行為,感情,1
ほめる,ほめる,褒める,古典的な用例では「褒める」として使われます。 現代の近い語は「たたえる」です。,たたえる:賛辞,感情,1
まだら,まだら,斑・むらがある,古典的な用例では「斑・むらがある」として使われます。 現代の近い語は「むら」です。,むら:不整,自然,2
みおくる,みおくる,見送る,古典的な用例では「見送る」として使われます。 現代の近い語は「みおくる」です。,みおくる:別離,感情,1
みつ,みつ,密・しめる,古典的な用例では「密・しめる」として使われます。 現代の近い語は「ひそか」です。,ひそか:隠密,文法,2
むつかし,むつかし,難しい・面倒だ,古典的な用例では「難しい・面倒だ」として使われます。 現代の近い語は「めんどう」です。,めんどう:厄介,感情,2
むす,むす,結ぶ・凝らす,古典的な用例では「結ぶ・凝らす」として使われます。 現代の近い語は「むすぶ」です。,むすぶ:結合,文法,2
めでたし,めでたし,めでたい・良い,古典的な用例では「めでたい・良い」として使われます。 現代の近い語は「めでたい」です。,めでたい:慶賀,感情,1
もる,もる,満ちる,古典的な用例では「満ちる」として使われます。 現代の近い語は「みちる」です。,みちる:充足,自然,2
やがかる,やがかる,やがて・近づく,古典的な用例では「やがて・近づく」として使われます。 現代の近い語は「まもなく」です。,まもなく:近接,時間,1
やすらふ,やすらふ,躊躇する・留まる,古典的な用例では「躊躇する・留まる」として使われます。 現代の近い語は「ためらう」です。,ためらう:躊躇,感情,2
やに,やに,そこに・その時,古典的な用例では「そこに・その時」として使われます。 現代の近い語は「そこで」です。,そこで:当該,文法,1
ゆるやか,ゆるやか,緩やかだ,古典的な用例では「緩やかだ」として使われます。 現代の近い語は「ゆったり」です。,ゆったり:緩慢,感情,1
よばふ,よばふ,呼ぶ・求婚する,古典的な用例では「呼ぶ・求婚する」として使われます。 現代の近い語は「よぶ」です。,よぶ:招集,感情,3
わくら,わくら,遊ぶ・戯れる,古典的な用例では「遊ぶ・戯れる」として使われます。 現代の近い語は「あそぶ」です。,あそぶ:遊戯,感情,1
わりく,わりく,割く・分ける,古典的な用例では「割く・分ける」として使われます。 現代の近い語は「わける」です。,わける:分配,文法,2
