年号,登場人物,史実名,解説,関連史実,関連分野,難易度
4世紀頃,大和朝廷の豪族たち,大和政権の成立,弥生時代後期に各地の豪族が力を持つようになる。畿内の豪族が協力して大和地方に統一勢力を形成。古墳を築くことで権威を示し、朝鮮半島との交流を通じて鉄器や文字を導入した結果、古代国家の基礎ができた。,古墳文化・律令以前の統合過程,その他,2
593 (推古天皇時代),聖徳太子・蘇我馬子・推古天皇,聖徳太子の摂政,蘇我氏と物部氏の争いで蘇我氏が勝利し、政権を握る。蘇我馬子が推古天皇を擁立し、その甥である厩戸皇子（聖徳太子）を摂政とする。仏教を取り入れ、隋の進んだ制度を学ぶことで国家体制を整備しようとした。,十七条憲法(604);遣隋使,その他,2
604,聖徳太子,十七条憲法の制定,豪族同士の争いが絶えず、中央集権化が進まない。聖徳太子が豪族や官僚の心構えを示すため、仏教や儒教の教えに基づいた十七条憲法を制定。「和を以て貴しとなす」など、協調と天皇への服従を説いた。,推古朝の改革,その他,2
645,中大兄皇子・中臣鎌足,大化の改新,蘇我氏が専横を極め、天皇の権威を脅かす。中大兄皇子と中臣鎌足が蘇我入鹿を暗殺（乙巳の変）。その後、唐の律令制を模範に、公地公民制や班田収授法を導入し、天皇中心の中央集権国家を目指した。,皇位と律令国家の成立過程,その他,3
701 (大宝律令),天武天皇・持統天皇,大宝律令の制定,中央集権国家を実現するため、法律体系が必要になる。中国の唐の律令を参考に、刑法（律）と行政法（令）からなる大宝律令を制定。国家の仕組み、税制、官職などを詳細に定め、律令国家の基礎を確立した。,律令制・班田収授法,その他,3
710 (和銅3年),元明天皇・藤原不比等,平城京遷都,藤原京では狭くなり、唐の長安を模した大規模な都が必要になる。奈良盆地に碁盤の目状の平城京を造営し、遷都。仏教を国家の守護とし、東大寺など大寺院を建立。貴族文化が栄え、律令国家が本格的に機能し始めた。,仏教の公的受容;東大寺,地理,2
752,聖武天皇,東大寺大仏の開眼,聖武天皇の時代、疫病や飢饉、反乱が相次ぐ。仏教の力で国家を鎮護しようと、奈良に巨大な盧舎那仏（大仏）を造立。全国から人と資材を集める国家事業として実施。天平文化の象徴となった。,平城京・聖武天皇,文化,2
794 (延暦13年),桓武天皇,平安京遷都,奈良の寺院勢力が政治に介入し、天皇の権威を脅かす。桓武天皇が長岡京を経て、京都（平安京）に遷都。都を新しくすることで寺院の影響力を排除し、天皇の権力を強化。平安時代の幕開けとなった。,藤原氏の政権形成,地理,2
894,菅原道真,遣唐使の停止,唐の国力が衰え、政治が混乱。遣唐使派遣のリスクが高まる。菅原道真が遣唐使の停止を提言し、以後中国への公式使節が途絶える。これにより日本独自の文化（国風文化）が発展するきっかけとなった。,国風文化の成立,文化,2
1008,紫式部・藤原道長,『源氏物語』の成立（紫式部）,藤原道長が摂関政治の全盛期を迎え、貴族社会が最も華やかになる。宮廷に仕える女性作家たちが活躍し、仮名文字を使った文学が発展。紫式部が『源氏物語』を執筆し、日本文学の最高峰となった。,平安文学・枕草子,文化,2
1156,崇徳上皇・後白河天皇・平清盛・源義朝,保元の乱,藤原氏の摂関政治が衰退し、上皇（院）が政治を行う院政が始まる。崇徳上皇と後白河天皇の皇位継承争いが発生。双方が武士（源氏・平氏）を味方につけて戦い、後白河側が勝利。武士が政治の表舞台に登場するきっかけとなった。,平治の乱・源平合戦,その他,3
1159,平清盛・源義朝・藤原信頼,平治の乱,保元の乱後、平清盛と源義朝が対立。源義朝が藤原信頼と組んで後白河上皇を幽閉するクーデターを起こすが、平清盛が鎮圧。源氏は敗北し、義朝は殺され、子の頼朝は伊豆に流される。平氏の天下となり、武士の力がさらに強まった。,鎌倉幕府成立へ,その他,3
1180-1185,源頼朝・源義経・平清盛,源平合戦（壇ノ浦の戦い）,平清盛が太政大臣となり平氏政権を樹立するが、専横に不満が高まる。源頼朝が伊豆で挙兵し、各地の源氏や武士が呼応。一の谷、屋島、壇ノ浦の戦いで源氏が勝利し、平氏は滅亡。武士が政治の実権を握る時代の始まり。,鎌倉幕府成立(1192),その他,3
1192 (建久3年),源頼朝,鎌倉幕府成立,源平合戦で勝利した源頼朝が、東国を支配する基盤を固める。朝廷から征夷大将軍に任命され、鎌倉に幕府を開く。守護・地頭を全国に配置し、武家による政治体制（幕府）を確立。武士が初めて政権の中心となった。,幕府政治の基本,その他,3
1221,後鳥羽上皇・北条義時,承久の乱,後鳥羽上皇が幕府の力が強まることを恐れ、執権北条義時の追討を命じる。朝廷側と幕府側が戦い、幕府軍が圧勝。上皇は隠岐に流され、朝廷の力は大きく弱まる。以後、幕府が朝廷を監視する体制が確立した。,武家政権の優位化,その他,3
"1274,1281",モンゴル帝国（元）のフビライ・ハンが日本に服属を要求するが、幕府は拒否。元軍が2度（文永・弘安）にわたり九州北部に襲来。武士が必死に防戦し、暴風雨（神風）の助けもあり元軍は撤退。しかし恩賞不足で御家人が困窮し、幕府への不満が高まった。,元寇（文永・弘安の役）,防衛と御家人の結束、弘安の役での台風（神風）伝説を含む,元との外交・防衛,その他,3
1333,元寇後の恩賞不足で御家人が困窮し、幕府への不満が蓄積。後醍醐天皇が倒幕を計画し、足利尊氏や新田義貞らが呼応。鎌倉幕府は滅亡し、天皇親政（建武の新政）が始まるが、武士の不満で短期間で崩壊した。,鎌倉幕府滅亡,建武の新政成立と南北朝動乱への移行を理解,建武の新政,その他,3
1336,建武の新政が公家優遇で武士の不満を招く。足利尊氏が後醍醐天皇に反旗を翻し、京都に幕府を開く。後醍醐天皇は吉野に逃れ、南北朝の分裂が始まる。室町幕府は京都に置かれ、文化の中心となった。,室町幕府（足利政権）の成立,南北朝時代を経て室町文化の特徴を学ぶ,南北朝の動乱,その他,3
1467,足利将軍家の跡継ぎ争いと、有力守護大名の勢力争いが重なる。細川氏と山名氏が東西に分かれて京都で11年間戦う。戦乱で京都が荒廃し、将軍の権威が失墜。各地の大名が独立し、戦国時代が始まった。,応仁の乱,日本の戦国時代の開始点として重要,戦国大名の台頭,その他,3
1543,ポルトガル人を乗せた中国船が種子島に漂着。鉄砲（火縄銃）が日本に初めて伝わる。戦国大名は鉄砲を大量生産し、戦術が大きく変化。城郭も鉄砲対策で改良され、戦国時代の戦いが激化した。,鉄砲伝来,戦術や城郭の変化に影響。年号と種子島を結び付けて覚える,戦国時代の軍事変化,テクノロジー,2
1568,戦国大名の織田信長が「天下布武」を掲げ、室町幕府を支援する名目で京都に入る。実際には将軍を傀儡とし、楽市楽座や関所廃止など革新的な政策を実施。全国統一への第一歩となった。,織田信長の上洛,戦国統一への転換点。信長の革新策を合わせて覚える,本能寺の変(1582),その他,3
1582,織田信長が天下統一目前で、家臣の明智光秀に裏切られる。京都の本能寺で信長が自害。その後、羽柴秀吉（豊臣秀吉）が光秀を討ち、信長の後継者となる。戦国時代の権力が秀吉に移った転換点。,本能寺の変,戦国の権力交代の象徴的事件,天正年間の動き・秀吉の台頭,その他,3
1590,豊臣秀吉が小田原の北条氏を滅ぼし、全国統一を達成。太閤検地で土地と収穫を正確に把握し、刀狩で農民から武器を没収。兵農分離を進め、秀吉の中央集権体制が確立した。,豊臣政権による全国統一の完了,検地・刀狩・太閤検地など政策をセットで覚える,関白政治と外征(朝鮮出兵),その他,3
1600,豊臣秀吉の死後、徳川家康と石田三成が対立。東軍（家康側）と西軍（三成側）に分かれて天下分け目の戦い。家康が勝利し、豊臣家は弱体化。家康が実質的な天下人となり、江戸幕府開設への道が開かれた。,関ヶ原の戦い,江戸幕府成立への最終段階として覚える,江戸幕府成立(1603),その他,3
1603 (慶長8年),関ヶ原の戦いで勝利した徳川家康が、朝廷から征夷大将軍に任命される。江戸に幕府を開き、大名を統制する幕藩体制を確立。参勤交代などで大名を監視し、260年続く江戸時代の平和が始まった。,江戸幕府成立,八代将軍までの体制、参勤交代・幕藩体制を合わせて学ぶ,参勤交代・鎖国,その他,3
1637,島原・天草地方で重税とキリシタン弾圧に苦しむ農民が一揆を起こす。天草四郎を指導者に約3万人が原城に立てこもり、幕府軍と戦う。幕府は鎮圧したが、キリスト教の脅威を痛感し、鎖国を強化した。,島原・天草の乱,幕府の統治手法やキリスト教禁止の実態を学ぶ,鎖国とキリスト教弾圧,その他,3
1639,島原の乱後、キリスト教の広がりを恐れた幕府が、ポルトガル船の来航を禁止。オランダと中国のみ長崎の出島で貿易を許可。日本人の海外渡航も禁止し、約200年間の鎖国体制が確立した。,鎖国（鎖国政策の確立）,鎖国の背景（幕府の統制）と影響を押さえる,鎖国諸制度,その他,3
1688-1704 (元禄期),江戸・大坂などの都市が発展し、町人（商人）が経済力を持つ。町人文化が栄え、井原西鶴の浮世草子、松尾芭蕉の俳句、菱川師宣の浮世絵など多彩な文化が生まれた。元禄文化は町人文化の代表。,元禄文化の栄華,元禄文化を代表する作品や都市文化を覚える,町人文化・経済の発展,文化,2
1707,富士山が大噴火し、江戸にも火山灰が降る。農作物に被害が出て、人々の生活が困窮。自然災害と幕府の対応を学ぶ事例。幕府の財政も悪化し、享保の改革へとつながった。,宝永の大噴火（富士山噴火）,自然災害と社会の対応を学ぶ,地震・火山災害の歴史,地理,2
1853,アメリカが太平洋進出を目指し、東インド艦隊司令長官ペリーが黒船4隻で浦賀に来航。開国を要求し、幕府に軍事的圧力をかける。250年続いた鎖国体制が動揺し、幕末の政治混乱が始まった。,ペリー来航,幕末政治の動揺の始まりとして重要。1853＝黒船をセットで暗記,開国・不平等条約,その他,3
1854,ペリーが再び来航し、幕府は開国を決断。下田と箱館の2港を開き、アメリカ船への燃料・水・食料の提供を約束。鎖国が終わり、欧米諸国との外交が始まったが、不平等な内容で日本に不利だった。,日米和親条約,和親条約とその後の通商条約の流れを理解,日米修好通商条約(1858),その他,3
1858,大老井伊直弼が朝廷の許可を得ずに日米修好通商条約を結ぶ。関税自主権がなく、領事裁判権を認める不平等条約。外国商人が有利になり、日本経済が混乱。尊王攘夷運動が激化し、幕府への不満が高まった。,日米修好通商条約,条約の内容と国内反発（尊王攘夷運動）を結びつける,尊王攘夷・幕末動乱,その他,3
1868,薩摩藩と長州藩が同盟を結び、倒幕運動を展開。大政奉還で幕府が政権を朝廷に返上するが、王政復古の大号令で新政府が樹立。戊辰戦争で旧幕府軍を破り、天皇中心の近代国家建設が始まった。日本の近代化の出発点。,明治維新,主要な改革（廃藩置県・地租改正など）を時系列で抑える,廃藩置県・富国強兵,その他,3
1871,明治政府が中央集権国家を作るため、江戸時代の藩を廃止し、政府が直接管理する県を設置。大名の領地支配を終わらせ、全国を統一的に統治する体制を確立。近代国家の行政基盤ができた。,廃藩置県,近代国家の行政基盤を理解,徴兵制・地租改正,その他,3
1873,欧米に対抗できる強い国を作るため、20歳以上の男子に兵役義務を課す徴兵令を発布。武士だけでなく国民全体が軍隊を支える体制に。「富国強兵」政策の中核として、近代的な国民軍が誕生した。,徴兵令の公布,国民国家と国防の関係を押さえる,富国強兵,その他,3
1873-1879,琉球王国は薩摩藩と中国（清）の両方に従属していた。明治政府が琉球を日本領土と主張し、武力を背景に琉球藩、次いで沖縄県とする。琉球王国が消滅し、近代日本の領土が確定した。,琉球処分と沖縄県設置,近代国民国家の領土統一を理解,領土問題・薩摩藩の影響,地理,3
1871-73,欧米の進んだ制度や技術を学ぶため、岩倉具視を団長に政府高官や留学生約100名を欧米に派遣。約2年間視察し、帰国後の近代化政策（殖産興業・憲法制定など）の基礎となった。,岩倉使節団（岩倉使節）派遣,明治政府の近代化路線を実務面で支えた事例,殖産興業・制度導入,その他,3
1889,欧米列強に対抗するため、近代国家として憲法が必要になる。プロイセン（ドイツ）を模範に、天皇が主権を持つ大日本帝国憲法を制定。議会も設置されたが、天皇の権限が強く、制限された立憲君主制だった。,大日本帝国憲法の制定,天皇制と議会制の関係を理解する際の基礎,政党政治・憲政,その他,3
1894-1895,朝鮮半島の支配権を巡り、日本と清（中国）が対立。日本が勝利し、下関条約で清から台湾や遼東半島、多額の賠償金を獲得。しかし三国干渉でロシア・ドイツ・フランスに遼東半島を返還させられ、日本は屈辱を感じた。,日清戦争と下関条約,帝国主義時代の日本の拡張を把握,日露戦争・朝鮮半島政策,その他,3
1904-1905,三国干渉の恨みと満州・朝鮮の権益を巡り、日本とロシアが衝突。陸戦（旅順・奉天）と海戦（日本海海戦）で日本が勝利。ポーツマス条約で南満州の権益などを獲得したが、賠償金がなく国民は不満（日比谷焼き討ち事件）。,日露戦争とポーツマス条約,国際社会の中での日本の立場を学ぶ,朝鮮・満州問題,その他,3
1910,日露戦争後、日本が朝鮮半島の保護国化を進める。1910年、韓国併合条約で朝鮮を完全に植民地化。朝鮮総督府を設置し、日本語教育や土地調査などで同化政策を進めた。朝鮮人の抵抗運動も起こった。,韓国併合,帝国主義政策と植民地支配の問題を学ぶ,朝鮮半島政策,その他,3
1918,第一次世界大戦の好景気で米価が高騰。富山県の主婦たちが米の安売りを求めて行動し、全国に広がる。民衆の不満が爆発し、政府は軍隊を出動させて鎮圧。原敬の本格的政党内閣が成立するきっかけとなった。,米騒動,大正デモクラシーや社会運動の流れを把握,大正デモクラシー,その他,2
1923,マグニチュード7.9の大地震が関東地方を襲い、東京・横浜が壊滅的被害。火災で10万人以上が死亡。混乱の中で朝鮮人虐殺などの悲劇も発生。震災恐慌で経済が悪化し、社会不安が軍部台頭の一因となった。,関東大震災,都市復興政策や人々の生活変化を学ぶ,震災復興・社会変動,地理,2
1925,大正デモクラシーの流れで、25歳以上の男子全員に選挙権を認める普通選挙法が成立。しかし同時に、社会主義運動を取り締まる治安維持法も制定。民主主義の拡大と弾圧が同時に進んだ矛盾の時代。,普通選挙法（男性）・治安維持法強化,民主主義の拡大と弾圧の両面を評価,大正〜昭和初期の政治,その他,3
1931,世界恐慌で日本経済が悪化し、軍部が満州（中国東北部）の資源に注目。関東軍が柳条湖で鉄道を爆破し、中国軍の仕業として満州を占領。政府の統制が効かず、軍部の独走が始まった。国際連盟は日本を非難し、日本は脱退。,満州事変（柳条湖事件）,軍部主導の外交と国際連盟脱退へつながる,国際秩序の変化,その他,3
1937,北京郊外の盧溝橋で日本軍と中国軍が衝突。当初は局地的な戦闘だったが、全面戦争に拡大。日本は南京など主要都市を占領したが、中国の抵抗は続き、戦争は長期化。国内では戦時体制が強化され、国民生活も統制された。,日中戦争（盧溝橋事件から全面化）,戦時体制・国民動員と戦争の影響を学ぶ,太平洋戦争へ,その他,3
1941,日中戦争の長期化で、アメリカが日本への石油輸出を禁止。資源確保のため東南アジア進出を目指し、ハワイの真珠湾を奇襲攻撃。太平洋戦争（大東亜戦争）が始まり、日本は連合国と全面戦争に突入した。,太平洋戦争開戦（真珠湾攻撃）,戦争の拡大と国内動員を理解する重要事件,対米戦・国内動員,その他,3
1945,アメリカ軍が沖縄に上陸し、本土空襲が激化。広島・長崎に原子爆弾が投下され、ソ連も参戦。8月15日、天皇がポツダム宣言を受諾し、日本は無条件降伏。戦争が終わり、GHQによる占領が始まった。,第二次世界大戦終結,戦後の政治体制と復興を学ぶ,日本国憲法・占領政策,その他,3
1947,GHQの指導の下、民主的な新憲法が制定される。国民主権・基本的人権の尊重・平和主義（戦争放棄）を三大原則とし、天皇は象徴となる。戦前の軍国主義を否定し、民主国家としての再出発を果たした。,日本国憲法施行,戦後改革の核心事項として理解,教育改革・裁判制度刷新,その他,3
1947-49,GHQが地主制度を解体し、小作農に土地を安価で売却。地主が大量の土地を所有する体制が終わり、自作農が大幅に増加。農村の民主化と経済基盤の安定が進み、戦後日本の安定した社会の基礎となった。,農地改革,戦後経済基盤の安定と農村社会の変化を学ぶ,財閥解体・労働改革,その他,3
1952,日本が国際社会へ復帰,主権回復（サンフランシスコ講和条約の発効）,講和条約の位置づけと冷戦下の国際情勢を学ぶ,安全保障・日米関係,その他,3
1964,日本の高度経済成長の象徴,東京オリンピック開催,復興と国際的地位の回復を象徴する出来事として覚える,高度経済成長,その他,2
1972,琉球・沖縄の施政権が日本に戻る,沖縄返還,戦後処理と外交の変化を学ぶ,日米地位協定・基地問題,その他,2
1995,都市直下型地震の大被害と復興の課題,阪神・淡路大震災,防災・減災対策の重要性を学ぶ,災害対応の変化,地理,2
2011,大規模地震と津波、原子力災害が重なった事例,東日本大震災と原発事故,防災・復興・エネルギー政策の課題を学ぶ,原子力問題・防災,地理,3
幕末 (1850年代),開国による思想対立が国内で激化,尊王攘夷運動の高まり,倒幕運動や維新の流れを理解するキーワードとして,坂本龍馬・薩長同盟,その他,3
江戸時代 (1603-1868),江戸幕府の支配構造が地方支配を安定化,参勤交代・身分制度の安定,長期平和（江戸の平和）と都市文化の発展を学ぶ,商品経済の発達・城下町,その他,2
弥生時代 (紀元前~3世紀頃),朝鮮半島経由の稲作伝播で社会構造が大きく変化,稲作・土器・金属器の普及,稲作→定住→階級形成の流れを押さえる,弥生農耕・渡来人の影響,その他,2
7世紀頃 (遣唐使の開始),中国大陸との活発な交流で制度や文化を学ぶ,遣唐使の派遣,遣唐使を通じた仏教・制度の流入をセットで覚える,律令制・国際交流,文化,2
11世紀頃,摂関家の権力が極まる貴族政治の典型,藤原道長の全盛,『この世をば〜』で道長の栄華を象徴する文化状況を覚える,摂関政治・院政,その他,2
1232,北条氏の執権体制下で武家の法が整えられる,御成敗式目（貞永式目）制定,鎌倉法の代表例として成立年と目的を押さえる,鎌倉幕府の制度,その他,3
1549,キリスト教伝来と南蛮交易の始まり,フランシスコ・ザビエルの来日,南蛮文化（鉄砲・キリスト教・南蛮貿易）をセットで覚える,鉄砲伝来・キリシタン大名,その他,2
1570,織田・徳川連合が武田勝頼を破る,長篠の戦い,鉄砲の効果を示した戦いとして年と名称を覚える,甲冑兵器の変化・武田氏衰退,その他,3
1571,織田信長が比叡山延暦寺を焼き討ち,比叡山焼き討ち,戦国の宗教勢力抑圧の事例として記憶,一向一揆・寺社勢力,その他,3
1560,今川義元が織田信長に討たれる,桶狭間の戦い,奇襲の成功例として年を覚える,織田信長台頭,その他,3
1587,キリシタン大名の勢力など,天草・島原の異変前の動き,日本のキリスト教史の背景,キリシタン弾圧・南蛮貿易,その他,3
1592-1598,豊臣秀吉の朝鮮出兵が東アジアに与えた影響,文禄・慶長の役（朝鮮出兵）,朝鮮出兵の目的と結果を対比する,国内諸政策と外征,その他,3
1605,江戸幕府が武家統制法を整備,武家諸法度の整備,幕府の統治ルールとして理解する,幕藩体制,その他,3
1615,豊臣氏の滅亡と江戸幕府の全国支配確立,大坂夏の陣,城攻防と政治決着の例,豊臣家滅亡,その他,3
1629,領内の経済圧迫と宗教対立,島原の乱の前史,一揆の原因と幕府の対応を整理,島原・天草の乱,その他,3
1651,参勤交代の意義と社会経済的影響を理解,徳川家光の治世と参勤交代の制度化,,参勤交代・藩財政,その他,3
1685,松尾芭蕉や近松門左衛門の作品の位置づけ,元禄文化の文学・演劇の広がり,,俳句・浄瑠璃の概要,文化,2
1700s,農村経済の変化と都市への流通,農村の改良と年貢体系,米価と藩の財政を結びつけて学ぶ,商品経済の発展,その他,2
1789,ヨーロッパの変革が日本の思想に与えた間接影響,フランス革命の影響（世界史と日本）,,国際情勢と開国前の知識受容,その他,3
1804-1829,尊王論や国学の高まりが政治運動に影響,幕末の思想潮流（陽明学・国学など）,思想史の流れと尊王攘夷につなげる,尊王攘夷,その他,3
1837,大阪での一揆的蜂起の事例,大塩平八郎の乱,都市部における社会不満の一例として理解,幕末社会の動揺,その他,3
1859,横浜などの開港と町の変化,江戸の開港と外国人居留地,国際貿易と都市化の関連,開国の社会影響,その他,3
1860,井伊直弼の暗殺で政局が動く,桜田門外の変,安政の大獄と反発の関係を押さえる,安政の改革,その他,3
1863,長州や薩摩の外交と軍事行動の例,薩英戦争（生麦事件後の衝突）,,諸藩の国際関係への関与,その他,3
1864,尊王攘夷派と幕府の衝突が激化,池田屋事件と禁門の変,倒幕への道筋を理解,幕末の内戦,その他,3
1866,倒幕を進める主導的同盟の成立,薩長同盟の成立,同盟の重要性と明治維新への影響,坂本龍馬,その他,3
1869,明治初期の藩主帰属と新政府の統制,版籍奉還の動き（諸藩の政治的変化）,,廃藩置県への過程,その他,3
1874,佐賀藩士の不満による反乱と政府の鎮圧,佐賀の乱,近代国家の暴力独占の確立を学ぶ,政府の統制力,その他,3
1877,士族反乱の最終章,西南戦争（再掲補足）,明治政府の力が全国的に行き渡る様子を理解,士族の処遇,その他,3
1881,国民政治参加の動きとして評価,民選議員設立の建白運動,自由民権運動との関連,政党政治の胎動,その他,3
1885,初代内閣の成立と内閣制度導入の意義,内閣制度の事実上の開始,,近代政治制度の形成,その他,3
1890,国会開設で立憲政治が始まる,帝国議会の開設,議会制度と選挙の意義を理解,普通選挙法までの流れ,その他,3
1897,近代経済制の整備と通貨制度の国際化,金本位制導入,経済史の視点で理解する,財政・通商政策,その他,3
1900,国際秩序の不安定な時期における列強の動き,義和団事件と列強の対応,日本の外交の立場を考える,列強の勢力と日本の対応,その他,3
1906,国際情勢変化と日本の外交拡張,第一次世界大戦前後の対外政策,,戦後処理と対外関係,その他,3
1912,大正期の特色（大正デモクラシー）を押さえる,大正天皇即位（大正時代開始）,,時代区分と民主主義運動,その他,2
1914,日本は戦争特需で経済発展を経験,第一次世界大戦と日本の対応,世界史との連携で覚える,戦後国際関係,その他,3
1919,日本の国際的役割の変化を説明,国際連盟参加と国際協調,,国際連盟の限界と日本の動き,その他,3
1921,日本の外交と軍備縮小の流れ,ワシントン会議,条約体制が東アジアに与えた影響を学ぶ,海軍軍縮と対米関係,その他,3
1927,日本経済の脆弱性と政府対応を学ぶ,昭和金融恐慌,,金融危機の国内影響,その他,3
1932,政党政治の衰退と軍部の台頭,犬養毅暗殺（五・一五事件）,政変から軍部台頭への流れを押さえる,軍国主義の進展,その他,3
1936,青年将校のクーデター未遂で政治が混迷,二・二六事件,国内政治の軍部影響を学ぶ,軍部の政治介入,その他,3
1940,戦時体制の法的整備で国民生活が統制される,国家総動員法の制定,戦時統制の具体例として理解,戦争体制,その他,3
1944,太平洋戦争末期の激戦と民間被害,沖縄戦（本島戦闘）,戦争の悲惨さと地域被害を学ぶ,戦後復興・米軍統治,地理,3
1948,農地分配により農村社会構造が変化,農地改革の実施完了,自作農化と農村経済の再編,財閥解体とセットで理解,その他,3
1950,戦争特需が日本経済を支えた面を学ぶ,朝鮮戦争の勃発と日本経済への影響,,高度成長の外的要因,その他,3
1954,防衛組織の整備と安全保障政策の開始,自衛隊発足,日本の安全保障体制の基礎,日米安保との関連,その他,3
1956,国際復帰の意義を深掘り,国連加盟（再掲補足）,国際社会での役割強化を押さえる,主権回復,その他,3
1960,政治参加と市民運動の流れを具体化,安保改定と国民運動（補足）,,60年安保の結果とその後,その他,3
1965,返還交渉の外交的背景を学ぶ,沖縄返還交渉の合意過程,,沖縄返還,その他,3
1968,学生運動の背景と社会的影響,学園闘争の一時的高まり,,60年代の世界的運動と比較,その他,3
1970,高度経済成長の象徴的イベントとして社会変化を示す,大阪万博（1970）,,産業展示と国際交流の場,文化,2
1974,自治体運営と財政の見直し,地方自治体の再編と制度改革,,地方分権の議論へ,その他,2
1985,国際為替協調が日本経済に影響,プラザ合意と円高,バブル期への一因として理解,経済政策の転換,その他,3
1990,経済史の転換点として年を押さえる,平成元年（バブル期最盛期）,,バブル経済の特徴を整理,その他,3
1997,日本の金融政策と景気後退を学ぶ,橋本不況と金融危機,,金融機関の再編と政策対応,その他,3
2001,構造改革と郵政民営化などの主要政策,小泉政権の改革路線,改革の目的と結果を比較検討,改革と反発,その他,3
2010,人口減少対策と地域活性化の政策論点,地方創生の議論の開始,地方政策の実務課題を押さえる,地方自治の強化,その他,2
2016,震災と復興の課題を地域事例で学ぶ,熊本地震,,災害対応と復興政策,地理,2
2018,労働慣行の見直しと社会制度の変化,働き方改革関連法の成立,,労働政策の変化を社会史的観点で,その他,2
2020,日本社会と経済に与えた影響を学ぶ,新型コロナウイルスの流行,,パンデミックと対策・経済支援,その他,3
2020s,行政のデジタル化と社会変化の観点で理解,デジタル改革推進,,政策と社会実装の課題,その他,2
紀元前1万年頃,氷河期が終わり温暖化が進む。日本列島が大陸から分離し、海面上昇で現在の形に。豊かな森林と海産物に恵まれ、狩猟・採集・漁労の生活が1万年続いた。縄文土器や竪穴住居が特徴。,縄文時代の始まり,縄文土器の縄目模様が名前の由来。狩猟採集の定住生活,縄文土器:縄目の土器; 竪穴住居:半地下式住居; 貝塚:食料の痕跡,その他,1
紀元前3世紀頃,大陸から稲作が伝来し、水田耕作が始まる。金属器（青銅器・鉄器）も伝わり、農耕社会に移行。米の収穫量で貧富の差が生まれ、集落間で争いが起こり、支配者が現れた。,弥生時代の始まり,弥生土器の赤褐色が特徴。農耕社会の始まり,稲作:水田農耕; 高床倉庫:米の貯蔵; 銅鐸:祭器,その他,1
57年,九州北部の奴国の王が、中国の後漢に使者を派遣。光武帝から「漢委奴国王」の金印を授かる。中国との外交関係の最古の記録。志賀島で金印が発見された。,奴国が後漢に使者を送る,漢委奴国王の金印。志賀島（福岡）で発見,後漢書:中国の歴史書; 金印:漢委奴国王印; 奴国:九州の国,その他,2
239年,邪馬台国の女王卑弥呼が、中国の魏に使者を派遣。親魏倭王の称号と銅鏡100枚を授かる。卑弥呼は鬼道で国を治め、各地の小国を従えていた。邪馬台国の場所は九州説と近畿説がある。,邪馬台国の卑弥呼が魏に使者を送る,卑弥呼は邪馬台国の女王。魏志倭人伝に記録,魏志倭人伝:中国の歴史書; 親魏倭王:称号; 銅鏡:賜り物,その他,2
3世紀後半,有力な豪族が死者を葬るため、巨大な墳墓（古墳）を築く。前方後円墳が各地に造られ、権力の象徴となった。古墳からは埴輪や鏡、剣などの副葬品が出土。大和政権の基礎となった。,古墳時代の始まり,前方後円墳が特徴的。埴輪が並ぶ,前方後円墳:鍵穴型古墳; 埴輪:土製人形; 副葬品:埋葬品,文化,1
478年,倭国の五人の王（讃・珍・済・興・武）が、中国の南朝（宋）に使者を派遣。朝鮮半島での軍事的地位を認めてもらおうとした。武王（雄略天皇と推定）が最も積極的に外交を展開。,倭の五王が中国南朝に使者を送る,倭の五王（讃珍済興武）。中国史書に記録,宋書:中国の歴史書; 雄略天皇:武王と推定; 朝鮮半島:外交の焦点,その他,2
6世紀前半,朝鮮半島の百済から仏教が公式に伝わる。蘇我氏は仏教を受け入れるが、物部氏は神道を守ろうと反対。蘇我氏が勝利し、仏教が広まる。飛鳥寺など寺院が建立され、日本文化に大きな影響。,仏教の伝来（公伝）,538年または552年説あり。蘇我氏が推進,蘇我氏:仏教推進; 物部氏:神道派; 飛鳥寺:最古級寺院,文化,2
607年,聖徳太子が小野妹子を隋に派遣。「日出づる処の天子」の国書を送り、対等な外交を試みる。隋の煬帝は不快に思ったが、日本は隋の文化や制度を学んだ。,小野妹子が遣隋使として派遣される,「日出づる処の天子」の国書。対等外交の試み,遣隋使:中国への使節; 煬帝:隋の皇帝; 国書:外交文書,その他,2
630年,唐が隋を滅ぼし、中国を統一。日本は唐に遣唐使を派遣し、進んだ政治制度や文化を学ぶ。留学生や留学僧も同行し、仏教や儒教、律令制度を持ち帰った。,第1回遣唐使の派遣,遣唐使は630年から。唐の文化を吸収,遣唐使:唐への使節; 留学生:学問を学ぶ; 律令制:政治制度,その他,2
672年,天智天皇の死後、後継者を巡って皇子たちが争う。大海人皇子（後の天武天皇）と大友皇子（弘文天皇）が対立。大海人皇子が勝利し、天武天皇として即位。天皇の権力が強化された。,壬申の乱,古代最大の内乱。大海人皇子の勝利,天智天皇:父; 天武天皇:勝者; 大友皇子:敗者,その他,2
607年,聖徳太子が斑鳩宮の近くに法隆寺を建立。現存する世界最古の木造建築として有名。飛鳥文化を代表する寺院で、金堂や五重塔が残る。仏教美術の傑作が多数保存されている。,法隆寺の建立,世界最古の木造建築。飛鳥文化の象徴,飛鳥文化:仏教文化; 金堂:本堂; 五重塔:仏塔,文化,2
718年,大宝律令を改正して養老律令を制定。律令国家の法体系をさらに整備。757年に施行され、以後の律令の基準となった。藤原不比等が中心となって編纂。,養老律令の制定,大宝律令の改訂版。藤原不比等が編纂,大宝律令:前身; 藤原不比等:編纂者; 757年:施行年,その他,3
741年,聖武天皇が全国に国分寺・国分尼寺の建立を命じる。仏教の力で国家を守護しようとする政策。各国に一寺ずつ建てられ、総国分寺として東大寺が置かれた。,国分寺建立の詔,全国に国分寺を配置。東大寡が総本山,国分寺:各国に設置; 東大寺:総国分寺; 国分尼寺:尼僧の寺,文化,2
743年,人口増加で田が不足。開墾を奨励するため、新しく開墾した土地の永久私有を認める法律を制定。公地公民制が崩れ、貴族や寺社が私有地（荘園）を拡大するきっかけとなった。,墾田永年私財法の制定,墾田永年私財法。荘園発生の原因,公地公民制:崩壊; 荘園:私有地; 開墾:土地開発,その他,2
784年,桓武天皇が平城京から長岡京に遷都。奈良の寺院勢力から離れるため。しかし造営責任者の藤原種継が暗殺され、計画が頓挫。わずか10年で平安京に再遷都した。,長岡京遷都,短命の都（10年）。藤原種継暗殺事件,桓武天皇:遷都実施; 藤原種継:暗殺被害者; 平安京:次の都,地理,2
805年,最澄が唐から帰国し、比叡山延暦寺を拠点に天台宗を開く。法華経を重視し、すべての人が仏になれると説く。比叡山は後に多くの名僧を輩出する「日本仏教の母山」となった。,最澄が天台宗を開く,最澄は天台宗。比叡山延暦寺を開く,天台宗:仏教宗派; 比叡山:寺の所在地; 法華経:経典,文化,2
806年,空海が唐から帰国し、高野山金剛峯寺を拠点に真言宗を開く。密教を伝え、即身成仏を説く。書道や土木技術にも優れ、綜芸種智院という学校も開設。多才な僧として知られる。,空海が真言宗を開く,空海は真言宗。高野山金剛峯寺を開く,真言宗:仏教宗派; 高野山:寺の所在地; 密教:秘密の教え,文化,2
810年,平城上皇が桓武天皇の子・嵯峨天皇と対立。藤原薬子らが平城上皇を擁立してクーデターを企てるが失敗。嵯峨天皇が勝利し、上皇の政治介入が制限された。,薬子の変,薬子の変。上皇のクーデター失敗,平城上皇:クーデター首謀; 嵯峨天皇:鎮圧; 藤原薬子:関与者,その他,2
866年,平安京の応天門が放火される事件。大納言伴善男が左大臣源信を陥れようとしたが、藤原良房が真相を暴いて伴善男を流罪に。藤原氏が他の貴族を排除し、権力を独占するきっかけとなった。,応天門の変,応天門の変。藤原氏の権力拡大,藤原良房:真相解明; 伴善男:犯人; 応天門:宮門,その他,2
935年,関東の豪族平将門が、朝廷の支配に反発して独立を宣言。「新皇」を名乗り関東を支配。しかし940年に平貞盛らに討たれる。地方武士の反乱として、武士の台頭を示す事件。,平将門の乱,平将門の乱（935-940年）。関東で独立宣言,平将門:新皇を名乗る; 平貞盛:討伐; 関東:反乱地,その他,2
939年,瀬戸内海の海賊を率いる藤原純友が反乱。瀬戸内海の交易を妨害し、朝廷に対抗。941年に鎮圧される。平将門の乱と同時期で、中央政府の権威低下を示す。,藤原純友の乱,藤原純友の乱（939-941年）。瀬戸内海の反乱,藤原純友:海賊の首領; 瀬戸内海:反乱地; 941年:鎮圧,その他,2
1016年,藤原道長が摂政となり、藤原氏の摂関政治が絶頂期を迎える。3人の娘を天皇の后とし、「この世をば わが世とぞ思ふ 望月の 欠けたることも なしと思へば」と詠んだ。,藤原道長が摂政に就任,藤原道長「この世をば わが世とぞ思ふ」。摂関政治の全盛,摂関政治:藤原氏の政治; 望月:満月の歌; 后:天皇の妻,その他,2
1053年,藤原頼通が宇治に平等院鳳凰堂を建立。阿弥陀如来像を安置し、極楽浄土を表現。浄土信仰の広がりを示す。10円硬貨のデザインとしても有名。,平等院鳳凰堂の完成,平等院鳳凰堂。10円硬貨のデザイン,藤原頼通:建立者; 阿弥陀如来:本尊; 浄土信仰:極楽往生,文化,2
1086年,白河天皇が幼い堀河天皇に譲位し、上皇として政治の実権を握る。院政の始まり。摂関家を抑えて天皇家が権力を取り戻す。荘園を集積し、経済的基盤も強化した。,白河上皇が院政を開始,院政の始まり。白河上皇が実権,院政:上皇の政治; 白河上皇:創始者; 荘園:経済基盤,その他,2
1167年,平清盛が武士として初めて太政大臣となる。平氏政権の全盛期。日宋貿易で富を蓄え、娘を天皇の后として権力を握る。しかし平氏の専横に反発が高まり、源氏挙兵のきっかけとなった。,平清盛が太政大臣に就任,平清盛が太政大臣。武士初の最高位,平氏政権:武家の政権; 日宋貿易:収入源; 太政大臣:最高官職,その他,2
1175年,法然が念仏を唱えれば誰でも極楽浄土に往生できると説き、浄土宗を開く。貴族だけでなく庶民にも広まる。専修念仏を主張し、他宗派から批判されるが、鎌倉新仏教の先駆けとなった。,法然が浄土宗を開く,法然は浄土宗。念仏で救われる,浄土宗:仏教宗派; 念仏:南無阿弥陀仏; 専修念仏:念仏のみ,文化,2
1185年,源義経率いる源氏軍が、壇ノ浦（山口県）で平氏を破る。平家は安徳天皇とともに海に沈み、滅亡。源平合戦の最終決戦。源頼朝が武家政権を樹立する基盤ができた。,壇ノ浦の戦いで平氏滅亡,壇ノ浦の戦い。平氏滅亡,源義経:源氏の武将; 安徳天皇:平氏と入水; 壇ノ浦:山口県,その他,2
1185年,源頼朝が朝廷に要求し、全国に守護・地頭を設置する権限を得る。守護は国ごとに置かれ、地頭は荘園や公領に置かれた。武士が全国支配の基盤を固め、幕府体制の基礎となった。,守護・地頭の設置,守護・地頭の設置。武士の全国支配,守護:国の軍事・警察; 地頭:荘園管理; 1185年:設置年,その他,2
1191年,栄西が宋から帰国し、座禅修行を重視する臨済宗を開く。武士の間で広まり、鎌倉幕府の保護を受ける。喫茶の習慣も伝え、『喫茶養生記』を著した。禅宗の一派として定着。,栄西が臨済宗を開く,栄西は臨済宗。座禅と喫茶を伝える,臨済宗:禅宗; 座禅:瞑想修行; 喫茶養生記:茶の本,文化,2
1203年,源頼朝の死後、御家人の権力争いが激化。北条時政が有力御家人を排除し、執権として幕府の実権を握る。以後、北条氏が代々執権を世襲し、鎌倉幕府を支配した。,北条時政が執権に就任,執権政治の始まり。北条氏が実権,執権:幕府の最高職; 北条時政:初代執権; 御家人:武士,その他,2
1224年,親鸞が法然の弟子として浄土真宗（一向宗）を開く。「悪人正機説」を唱え、悪人こそ救われると説く。妻帯を認め、庶民に広まる。『教行信証』を著し、念仏信仰を深化させた。,親鸞が浄土真宗を開く,親鸞は浄土真宗。悪人正機説,浄土真宗:一向宗; 悪人正機:悪人が正客; 教行信証:主著,文化,2
1232年,北条泰時が執権として、武士の慣習法をまとめて御成敗式目を制定。51箇条からなる武家法で、裁判の基準となった。公平な裁判を目指し、御家人の支持を得た。武家法の最初の体系的法典。,御成敗式目（貞永式目）の制定,御成敗式目（貞永式目）。武家の法律,北条泰時:制定者; 51箇条:条文数; 武家法:武士の法,その他,2
1253年,日蓮が法華経こそ真実の教えだと主張し、日蓮宗（法華宗）を開く。「南無妙法蓮華経」の題目を唱えることを重視。他宗を激しく批判し、幕府から弾圧されるが、信念を曲げなかった。,日蓮が日蓮宗を開く,日蓮は日蓮宗。南無妙法蓮華経,日蓮宗:法華宗; 法華経:経典; 題目:南無妙法蓮華経,文化,2
1227年,道元が宋から帰国し、只管打坐（ただひたすら座禅）を説く曹洞宗を開く。越前（福井県）に永平寺を建立。臨済宗が公案を重視するのに対し、曹洞宗は座禅そのものを重視。地方の武士や農民に広まった。,道元が曹洞宗を開く,道元は曹洞宗。只管打坐（座禅）,曹洞宗:禅宗; 永平寺:本山; 只管打坐:ひたすら座禅,文化,2
1297年,御家人の困窮が深刻化。借金で土地を失う御家人が続出。北条貞時が永仁の徳政令を発布し、御家人の借金を帳消しにした。しかし御家人は信用を失い、かえって困窮。幕府の権威も低下した。,永仁の徳政令,永仁の徳政令。借金帳消し,御家人:武士; 徳政令:借金帳消し; 北条貞時:執権,その他,2
1334年,後醍醐天皇が鎌倉幕府を倒し、天皇親政を開始。公家中心の政治に戻そうとするが、武士を冷遇。武士の不満が高まり、わずか2年で崩壊。足利尊氏が反旗を翻し、室町幕府が成立した。,建武の新政,建武の新政（1334-1336年）。短命政権,後醍醐天皇:天皇親政; 公家:冷遇された; 武士:不満,その他,2
1338年,足利尊氏が後醍醐天皇に反旗を翻し、光明天皇を擁立。征夷大将軍に任命され、京都に室町幕府を開く。後醍醐天皇は吉野に逃れ、南北朝の分裂が始まる。約60年間、朝廷が二つに分かれた。,足利尊氏が征夷大将軍に就任,室町幕府成立。南北朝時代の始まり,足利尊氏:初代将軍; 光明天皇:北朝; 後醍醐天皇:南朝,その他,2
1392年,足利義満が南朝の後亀山天皇と北朝の後小松天皇を説得し、南北朝を統一。約60年続いた分裂が終わる。義満の権力が頂点に達し、室町幕府の基礎が固まった。,南北朝の合一,南北朝の合一。足利義満の功績,足利義満:3代将軍; 後亀山天皇:南朝; 後小松天皇:北朝,その他,2
1404年,足利義満が明との正式な貿易を開始。勘合符という証明書を使い、倭寇と区別。銅銭や生糸、陶磁器などを輸入し、刀剣や硫黄などを輸出。幕府の重要な収入源となった。,勘合貿易の開始,勘合貿易。明との公式貿易,勘合符:証明書; 明:中国王朝; 倭寇:海賊と区別,その他,2
1428年,近江国で徳政を求める農民の一揆が発生。借金の帳消しを要求し、土倉や酒屋を襲撃。「正長元年」の年号から正長の土一揆と呼ばれる。農民の自立と団結を示す最初の大規模一揆。,正長の土一揆,正長の土一揆。最初の大規模農民一揆,徳政:借金帳消し; 土倉:高利貸し; 酒屋:金融業者,その他,2
1467年,足利将軍家の跡継ぎ争いと、細川・山名両氏の対立が重なり、京都で大規模な戦乱が勃発。東軍と西軍に分かれて11年間戦い、京都は焼け野原に。将軍の権威は失墜し、戦国時代が始まった。,応仁の乱の開始,応仁の乱（1467-1477年）。戦国時代の始まり,細川勝元:東軍; 山名宗全:西軍; 京都:戦場,その他,3
1485年,山城国（京都府南部）で国人や農民が自治組織を作り、守護大名を追放。約8年間、自治を維持した。下剋上の風潮を示す事例で、戦国時代の特徴を表す。,山城国一揆,山城国一揆。農民の自治,国人:地方武士; 守護:追放; 自治:8年間維持,その他,2
1488年,一向宗（浄土真宗）の信徒が加賀国（石川県）で守護を倒し、約100年間自治を維持。「百姓の持ちたる国」と呼ばれた。宗教勢力の強さと農民の団結力を示す。,加賀の一向一揆,加賀の一向一揆。100年の自治,一向宗:浄土真宗; 加賀:石川県; 百姓の持ちたる国:農民支配,その他,2
1549年,イエズス会の宣教師フランシスコ・ザビエルが鹿児島に上陸し、キリスト教を伝える。戦国大名の中にはキリシタン大名となる者も現れ、南蛮貿易と結びついて広まった。,キリスト教の伝来,ザビエルがキリスト教を伝来,フランシスコ・ザビエル:宣教師; イエズス会:修道会; キリシタン大名:改宗大名,文化,2
1560年,織田信長が今川義元の大軍を桶狭間で奇襲し、討ち取る。圧倒的に不利な状況での勝利で、信長の名が全国に知れ渡る。天下統一への第一歩となった。,桶狭間の戦い,桶狭間の戦い。信長の逆転勝利,織田信長:勝者; 今川義元:敗者; 桶狭間:愛知県,その他,2
1573年,織田信長が15代将軍足利義昭を京都から追放し、室町幕府が滅亡。約240年続いた室町幕府が終わり、信長の天下統一事業が本格化した。,室町幕府の滅亡,室町幕府滅亡。信長が義昭を追放,足利義昭:最後の将軍; 織田信長:追放; 1573年:滅亡年,その他,2
1575年,織田信長・徳川家康連合軍が武田勝頼を破る。鉄砲3000丁を三段構えで使用し、武田の騎馬隊を壊滅させた。鉄砲戦術の革新性を示す戦い。,長篠の戦い,長篠の戦い。鉄砲三段撃ち,織田信長:連合軍; 武田勝頼:騎馬隊; 鉄砲:3000丁,その他,2
1576年,織田信長が琵琶湖畔に安土城を築城。天守閣を持つ近世城郭の先駆け。豪華な装飾で権力を誇示。楽市楽座や関所の廃止など、革新的な経済政策も実施した。,安土城の築城,安土城。天守閣の先駆け,織田信長:築城; 天守閣:高層建築; 楽市楽座:自由市場,その他,2
1582年,豊臣秀吉が全国の土地を測量し、収穫高を石高で統一。土地と農民を直接把握し、年貢徴収を確実にした。大名の石高も確定し、幕藩体制の基礎となった。,太閤検地の開始,太閤検地。石高制の確立,豊臣秀吉:実施者; 石高:収穫量単位; 年貢:税,その他,2
1587年,豊臣秀吉がキリスト教の布教を禁止し、宣教師の国外追放を命じる。キリシタン大名が寺社を破壊したことや、奴隷貿易に反発したため。ただし南蛮貿易は継続され、徹底されなかった。,バテレン追放令,バテレン追放令。宣教師追放,豊臣秀吉:発布; バテレン:宣教師; キリシタン:信徒,その他,2
1588年,豊臣秀吉が農民から刀や槍などの武器を没収。武士と農民の身分を明確に分離（兵農分離）。一揆を防ぎ、社会秩序を安定させる狙い。武器は方広寺の大仏建立に使うとされた。,刀狩令,刀狩令。兵農分離,豊臣秀吉:発布; 兵農分離:武士と農民分離; 一揆:防止,その他,2
1592年,豊臣秀吉が明征服を目指し、朝鮮に大軍を派遣。当初は優勢だったが、朝鮮水軍の亀甲船や明の援軍に苦戦。講和交渉が決裂し、1597年に慶長の役として再出兵。秀吉の死で撤退した。,文禄の役（朝鮮出兵）,文禄の役（1592年）。朝鮮出兵,豊臣秀吉:出兵; 李舜臣:朝鮮水軍; 亀甲船:装甲船,その他,3
1597年,文禄の役の講和が決裂し、豊臣秀吉が再び朝鮮に出兵。しかし戦況は膠着し、1598年に秀吉が死去。各大名は撤退を開始し、朝鮮出兵は失敗に終わった。国内経済も疲弊した。,慶長の役（朝鮮再出兵）,慶長の役（1597-1598年）。秀吉死去で撤退,豊臣秀吉:1598年死去; 朝鮮出兵:失敗; 撤退:秀吉死後,その他,3
1227年,道元が宋から帰国し、只管打坐（ただひたすら座禅）を説く曹洞宗を開く。越前（福井県）に永平寺を建立。臨済宗が公案を重視するのに対し、曹洞宗は座禅そのものを重視。地方の武士や農民に広まった。,道元が曹洞宗を開く,道元は曹洞宗。只管打坐（座禅）,曹洞宗:禅宗; 永平寺:本山; 只管打坐:ひたすら座禅,文化,2
1297年,御家人の困窮が深刻化。借金で土地を失う御家人が続出。北条貞時が永仁の徳政令を発布し、御家人の借金を帳消しにした。しかし御家人は信用を失い、かえって困窮。幕府の権威も低下した。,永仁の徳政令,永仁の徳政令。借金帳消し,御家人:武士; 徳政令:借金帳消し; 北条貞時:執権,その他,2
1334年,後醍醐天皇が鎌倉幕府を倒し、天皇親政を開始。公家中心の政治に戻そうとするが、武士を冷遇。武士の不満が高まり、わずか2年で崩壊。足利尊氏が反旗を翻し、室町幕府が成立した。,建武の新政,建武の新政（1334-1336年）。短命政権,後醍醐天皇:天皇親政; 公家:冷遇された; 武士:不満,その他,2
1338年,足利尊氏が後醍醐天皇に反旗を翻し、光明天皇を擁立。征夷大将軍に任命され、京都に室町幕府を開く。後醍醐天皇は吉野に逃れ、南北朝の分裂が始まる。約60年間、朝廷が二つに分かれた。,足利尊氏が征夷大将軍に就任,室町幕府成立。南北朝時代の始まり,足利尊氏:初代将軍; 光明天皇:北朝; 後醍醐天皇:南朝,その他,2
1392年,足利義満が南朝の後亀山天皇と北朝の後小松天皇を説得し、南北朝を統一。約60年続いた分裂が終わる。義満の権力が頂点に達し、室町幕府の基礎が固まった。,南北朝の合一,南北朝の合一。足利義満の功績,足利義満:3代将軍; 後亀山天皇:南朝; 後小松天皇:北朝,その他,2
1404年,足利義満が明との正式な貿易を開始。勘合符という証明書を使い、倭寇と区別。銅銭や生糸、陶磁器などを輸入し、刀剣や硫黄などを輸出。幕府の重要な収入源となった。,勘合貿易の開始,勘合貿易。明との公式貿易,勘合符:証明書; 明:中国王朝; 倭寇:海賊と区別,その他,2
1428年,近江国で徳政を求める農民の一揆が発生。借金の帳消しを要求し、土倉や酒屋を襲撃。「正長元年」の年号から正長の土一揆と呼ばれる。農民の自立と団結を示す最初の大規模一揆。,正長の土一揆,正長の土一揆。最初の大規模農民一揆,徳政:借金帳消し; 土倉:高利貸し; 酒屋:金融業者,その他,2
1485年,山城国（京都府南部）で国人や農民が自治組織を作り、守護大名を追放。約8年間、自治を維持した。下剋上の風潮を示す事例で、戦国時代の特徴を表す。,山城国一揆,山城国一揆。農民の自治,国人:地方武士; 守護:追放; 自治:8年間維持,その他,2
1488年,一向宗（浄土真宗）の信徒が加賀国（石川県）で守護を倒し、約100年間自治を維持。「百姓の持ちたる国」と呼ばれた。宗教勢力の強さと農民の団結力を示す。,加賀の一向一揆,加賀の一向一揆。100年の自治,一向宗:浄土真宗; 加賀:石川県; 百姓の持ちたる国:農民支配,その他,2
1549年,イエズス会の宣教師フランシスコ・ザビエルが鹿児島に上陸し、キリスト教を伝える。戦国大名の中にはキリシタン大名となる者も現れ、南蛮貿易と結びついて広まった。,キリスト教の伝来,ザビエルがキリスト教を伝来,フランシスコ・ザビエル:宣教師; イエズス会:修道会; キリシタン大名:改宗大名,文化,2
1560年,織田信長が今川義元の大軍を桶狭間で奇襲し、討ち取る。圧倒的に不利な状況での勝利で、信長の名が全国に知れ渡る。天下統一への第一歩となった。,桶狭間の戦い,桶狭間の戦い。信長の逆転勝利,織田信長:勝者; 今川義元:敗者; 桶狭間:愛知県,その他,2
1573年,織田信長が15代将軍足利義昭を京都から追放し、室町幕府が滅亡。約240年続いた室町幕府が終わり、信長の天下統一事業が本格化した。,室町幕府の滅亡,室町幕府滅亡。信長が義昭を追放,足利義昭:最後の将軍; 織田信長:追放; 1573年:滅亡年,その他,2
1575年,織田信長・徳川家康連合軍が武田勝頼を破る。鉄砲3000丁を三段構えで使用し、武田の騎馬隊を壊滅させた。鉄砲戦術の革新性を示す戦い。,長篠の戦い,長篠の戦い。鉄砲三段撃ち,織田信長:連合軍; 武田勝頼:騎馬隊; 鉄砲:3000丁,その他,2
1576年,織田信長が琵琶湖畔に安土城を築城。天守閣を持つ近世城郭の先駆け。豪華な装飾で権力を誇示。楽市楽座や関所の廃止など、革新的な経済政策も実施した。,安土城の築城,安土城。天守閣の先駆け,織田信長:築城; 天守閣:高層建築; 楽市楽座:自由市場,その他,2
1587年,豊臣秀吉がキリスト教の布教を禁止し、宣教師の国外追放を命じる。キリシタン大名が寺社を破壊したことや、奴隷貿易に反発したため。ただし南蛮貿易は継続され、徹底されなかった。,バテレン追放令,バテレン追放令。宣教師追放,豊臣秀吉:発布; バテレン:宣教師; キリシタン:信徒,その他,2
1588年,豊臣秀吉が農民から刀や槍などの武器を没収。武士と農民の身分を明確に分離（兵農分離）。一揆を防ぎ、社会秩序を安定させる狙い。武器は方広寺の大仏建立に使うとされた。,刀狩令,刀狩令。兵農分離,豊臣秀吉:発布; 兵農分離:武士と農民分離; 一揆:防止,その他,2
1592年,豊臣秀吉が明征服を目指し、朝鮮に大軍を派遣。当初は優勢だったが、朝鮮水軍の亀甲船や明の援軍に苦戦。講和交渉が決裂し、1597年に慶長の役として再出兵。秀吉の死で撤退した。,文禄の役（朝鮮出兵）,文禄の役（1592年）。朝鮮出兵,豊臣秀吉:出兵; 李舜臣:朝鮮水軍; 亀甲船:装甲船,その他,3
1597年,文禄の役の講和が決裂し、豊臣秀吉が再び朝鮮に出兵。しかし戦況は膠着し、1598年に秀吉が死去。各大名は撤退を開始し、朝鮮出兵は失敗に終わった。国内経済も疲弊した。,慶長の役（朝鮮再出兵）,慶長の役（1597-1598年）。秀吉死去で撤退,豊臣秀吉:1598年死去; 朝鮮出兵:失敗; 撤退:秀吉死後,その他,3
1615年,徳川家康が豊臣秀頼を大坂城で攻撃。大坂冬の陣、夏の陣で豊臣方を破り、秀頼と淀殿は自害。豊臣家が滅亡し、徳川家の天下が確定した。,大坂の陣で豊臣家滅亡,大坂の陣（1614-1615年）。豊臣家滅亡,徳川家康:勝者; 豊臣秀頼:敗者; 大坂城:陥落,その他,2
1615年,徳川家康・秀忠が大名統制のため武家諸法度を制定。大名の城の修築や婚姻を規制。参勤交代を義務化し、大名の軍事力と経済力を削ぐ。幕藩体制の基本法となった。,武家諸法度の制定,武家諸法度。大名統制の法律,徳川家康:制定; 参勤交代:義務化; 大名:統制対象,その他,2
1635年,3代将軍徳川家光が参勤交代を制度化。大名は1年ごとに江戸と領地を往復し、妻子を江戸に住まわせる。大名の経済力を削ぎ、謀反を防ぐ。しかし交通や宿場町の発展にもつながった。,参勤交代制度の確立,参勤交代制度。大名を江戸と領地往復,徳川家光:制度化; 大名:江戸往復; 妻子:江戸に人質,その他,2
1635年,徳川家光がキリスト教対策として、日本人の海外渡航と帰国を全面禁止。海外にいる日本人も帰国できなくなった。鎖国体制の強化策の一つ。,日本人の海外渡航禁止,日本人の海外渡航禁止。鎖国強化,徳川家光:発布; 海外渡航:禁止; 鎖国:強化,その他,2
1641年,長崎の平戸にあったオランダ商館を出島に移し、貿易を制限。出島だけでオランダとの貿易を認め、厳しく管理。鎖国体制の完成。オランダを通じて西洋の学問（蘭学）も入ってきた。,オランダ商館を出島に移す,出島での貿易。鎖国体制の完成,出島:長崎の人工島; オランダ:唯一の西洋貿易国; 蘭学:オランダ学問,その他,2
1669年,アイヌ民族の首長シャクシャインが、松前藩の圧政に反発して蜂起。多くのアイヌが団結して戦ったが、鎮圧された。アイヌの抵抗を示す重要な事件。,シャクシャインの戦い,シャクシャインの戦い。アイヌの抵抗,シャクシャイン:アイヌ首長; 松前藩:圧政; アイヌ:先住民族,その他,2
1685年,5代将軍徳川綱吉が動物愛護の法令を発布。特に犬を保護し、違反者を厳しく罰した。犬公方と呼ばれた。民衆の反発を招いたが、生命尊重の思想を示した面もある。,生類憐みの令,生類憐みの令。犬公方,徳川綱吉:発布; 犬:特に保護; 犬公方:綱吉の渾名,その他,2
1716年,8代将軍徳川吉宗が財政難を解決するため、享保の改革を実施。新田開発、上げ米の制、公事方御定書の制定など。倹約を奨励し、幕府財政の立て直しを図った。,享保の改革,享保の改革。徳川吉宗の改革,徳川吉宗:8代将軍; 新田開発:増収策; 公事方御定書:法典,その他,2
1774年,杉田玄白と前野良沢がオランダの医学書を翻訳し、『解体新書』として刊行。日本で初めて西洋医学を体系的に紹介。蘭学の発展に大きく貢献した。,杉田玄白らが『解体新書』を刊行,解体新書。西洋医学の翻訳,杉田玄白:翻訳者; 前野良沢:翻訳者; 蘭学:オランダ学問,文化,2
1782年,浅間山噴火や冷害で東北地方を中心に大飢饉が発生。数十万人が餓死し、百姓一揆や打ちこわしが頻発。幕府の支配力が弱まり、寛政の改革につながった。,天明の大飢饉,天明の大飢饉（1782-1787年）。大規模飢饉,浅間山:噴火; 東北:飢饉; 百姓一揆:頻発,その他,2
1787年,老中松平定信が幕政改革を実施。財政再建、風俗取締り、朱子学以外の学問禁止（寛政異学の禁）。倹約を強要し、民衆の反発を招いた。,寛政の改革,寛政の改革。松平定信の改革,松平定信:老中; 寛政異学の禁:朱子学以外禁止; 倹約:強制,その他,2
1804年,ロシアの使節レザノフが長崎に来航し、通商を要求。幕府は拒否したが、ロシアの南下政策が明確になった。北方警備の必要性が高まった。,レザノフが来航,レザノフ来航。ロシアの通商要求,レザノフ:ロシア使節; 通商:拒否; 北方:警備強化,その他,2
1825年,外国船が日本近海に接近することが増え、幕府は異国船打払令を発布。無二念打ち払うことを命じた。しかしモリソン号事件（1837年）で批判され、1842年に薪水給与令に緩和。,異国船打払令,異国船打払令。外国船を打ち払う,幕府:発布; 外国船:打ち払い; 1842年:緩和,その他,2
1833年,冷害や水害で天保の大飢饉が発生。全国で飢餓が広がり、百姓一揆や打ちこわしが激増。大坂で大塩平八郎の乱が起こるなど、幕府への不満が爆発した。,天保の大飢饉,天保の大飢饉（1833-1839年）。全国規模の飢饉,冷害:原因; 百姓一揆:激増; 大塩平八郎の乱:大坂,その他,2
1837年,大坂町奉行所の元与力大塩平八郎が、飢饉で苦しむ民衆を救うため挙兵。幕府を批判し、豪商を襲撃。半日で鎮圧されたが、幕府の権威失墜を示した。,大塩平八郎の乱,大塩平八郎の乱。元役人の反乱,大塩平八郎:元与力; 大坂:反乱地; 飢饉:背景,その他,2
1841年,老中水野忠邦が幕政改革を実施。株仲間の解散、上知令（大名・旗本の領地を幕府に返還）など。しかし大名の反発で失敗し、忠邦は罷免された。,天保の改革,天保の改革。水野忠邦の改革,水野忠邦:老中; 株仲間:解散; 上知令:失敗,その他,2
1854年,江戸を大地震が襲い、多数の死者が出る。翌年には安政の大津波も発生。幕府の対応の遅れが批判され、社会不安が高まった。,安政の大地震,安政の大地震。江戸を襲う,江戸:被災地; 地震:大規模; 社会不安:高まる,地理,2
1858年,大老井伊直弼が日米修好通商条約に反対する尊王攘夷派を弾圧。吉田松陰、橋本左内らを処刑。100人以上が処罰され、幕府への反発が強まった。,安政の大獄,安政の大獄。反対派を大量弾圧,井伊直弼:大老; 吉田松陰:処刑; 尊王攘夷派:弾圧対象,その他,3
1860年,井伊直弼が江戸城桜田門外で水戸藩の浪士に暗殺される。安政の大獄への報復。大老が白昼堂々と殺され、幕府の権威は地に落ちた。,桜田門外の変,桜田門外の変。井伊直弼暗殺,井伊直弼:暗殺; 水戸藩:浪士; 桜田門:江戸城,その他,3
1862年,横浜近郊の生麦村で、薩摩藩の行列を横切ったイギリス人が斬られる事件。翌年、イギリスが報復として薩英戦争を起こす。攘夷の限界を薩摩が認識するきっかけとなった。,生麦事件,生麦事件。イギリス人殺傷,薩摩藩:加害; イギリス人:被害; 薩英戦争:報復,その他,3
1863年,生麦事件の報復としてイギリス艦隊が鹿児島を砲撃。薩摩藩は応戦するが敗北。西洋の軍事力を痛感し、攘夷から開国・近代化へと方針を転換した。,薩英戦争,薩英戦争。薩摩とイギリスの戦い,薩摩藩:敗北; イギリス:勝利; 攘夷:限界認識,その他,3
1863年,長州藩が関門海峡を通る外国船を砲撃（攘夷実行）。翌1864年、イギリス・フランス・アメリカ・オランダの4国連合艦隊が報復攻撃。長州は敗北し、攘夷の不可能を悟った。,下関戦争,下関戦争。長州藩の攘夷実行,長州藩:砲撃; 四国連合艦隊:報復; 攘夷:不可能,その他,3
1866年,土佐藩の坂本龍馬の仲介で、薩摩藩と長州藩が同盟を結ぶ。犬猿の仲だった両藩が協力し、倒幕へ向けて動き出す。明治維新の原動力となった。,薩長同盟,薩長同盟。坂本龍馬が仲介,坂本龍馬:仲介; 薩摩藩:西郷隆盛; 長州藩:木戸孝允,その他,3
1867年,15代将軍徳川慶喜が政権を朝廷に返上。260年続いた江戸幕府が終わる。しかし実権を維持しようとしたため、薩長は武力討幕を決意。戊辰戦争へとつながった。,大政奉還,大政奉還。政権を朝廷に返上,徳川慶喜:15代将軍; 朝廷:政権返上先; 薩長:不満,その他,3
1867年,薩摩藩・長州藩が朝廷を動かし、王政復古の大号令を発する。天皇親政への復帰を宣言し、幕府・摂政・関白の廃止を決定。新政府の樹立が宣言された。,王政復古の大号令,王政復古の大号令。新政府樹立,天皇親政:宣言; 幕府:廃止; 新政府:樹立,その他,3
1868年,鳥羽・伏見の戦いで旧幕府軍と新政府軍が衝突。新政府軍が勝利し、江戸城は無血開城。旧幕府勢力は東北・函館で抵抗を続けたが、1869年に箱館戦争で終結した。,戊辰戦争の開始,戊辰戦争（1868-1869年）。新政府軍の勝利,鳥羽・伏見:初戦; 江戸城:無血開城; 箱館戦争:最終戦,その他,3
1869年,明治政府が大名に領地（版）と人民（籍）を天皇に返還させる。藩主は知藩事として藩政を継続するが、中央集権化の第一歩となった。,版籍奉還,版籍奉還。領地を天皇に返還,版:領地; 籍:人民; 知藩事:藩主,その他,3
1871年,明治政府が身分制度を廃止し、えた・非人の身分を解放。しかし差別は残り、実質的な平等は実現しなかった。四民平等の一環だが、不十分な政策だった。,解放令,解放令。えた・非人の解放,身分制度:廃止; えた・非人:解放; 差別:残存,その他,3
1872年,明治政府が近代的な教育制度（学制）を公布。全国に小学校を設置し、男女とも教育を受けることを義務化。国民皆学を目指したが、学費負担で就学率は低かった。,学制の公布,学制の公布。国民皆学,小学校:全国設置; 義務教育:開始; 就学率:当初低い,学校,2
1872年,群馬県富岡に官営の製糸工場を開設。フランスの技術を導入し、生糸の品質向上を図る。輸出産業の育成（殖産興業）の象徴。女工が全国から集まった。,富岡製糸場の開業,富岡製糸場。官営模範工場,殖産興業:推進; 生糸:輸出品; フランス:技術導入,その他,2
1873年,明治政府が税制を改革。土地の所有者に地券を発行し、地価の3%を現金で納めさせる。安定した税収を確保したが、農民の負担は重く、地租改正反対一揆が頻発した。,地租改正,地租改正。土地税の改革,地券:発行; 地価3%:税率; 地租改正反対一揆:農民反発,その他,3
1873年,西郷隆盛らが朝鮮への出兵を主張（征韓論）。しかし岩倉使節団から帰国した大久保利通らが内政優先を主張し対立。西郷らは下野し、士族の反乱が各地で起こるきっかけとなった。,征韓論争,征韓論争。政府内の対立,西郷隆盛:征韓論; 大久保利通:内政優先; 下野:西郷ら辞職,その他,3
1874年,板垣退助らが民選議院設立建白書を政府に提出。国会開設と憲法制定を要求。自由民権運動の始まりとなった。,民選議院設立建白書,民選議院設立建白書。国会開設要求,板垣退助:提出; 国会:開設要求; 自由民権運動:始まり,その他,3
1877年,鹿児島の不平士族が西郷隆盛を擁立して挙兵。政府軍と激戦を繰り広げるが、西郷は敗死。士族による最後で最大の反乱。徴兵制の政府軍が勝利し、近代国家の基盤が固まった。,西南戦争,西南戦争。最大の士族反乱,西郷隆盛:首領; 鹿児島:反乱地; 士族:最後の反乱,その他,3
1880年,自由民権運動が全国に広がり、国会期成同盟が結成される。国会開設を求める署名運動を展開。政府は集会条例で弾圧したが、1881年に国会開設の詔が出された。,国会期成同盟の結成,国会期成同盟。全国組織,自由民権運動:全国化; 国会開設:要求; 署名運動:実施,その他,3
1881年,明治天皇が10年後の1890年に国会を開設することを約束。政府の圧力で国会開設が決定。自由民権運動の成果だが、政府主導の憲法制定となった。,国会開設の詔,国会開設の詔。1890年に開設約束,明治天皇:発布; 1890年:国会開設; 自由民権運動:成果,その他,3
1881年,板垣退助が日本初の政党・自由党を結成。フランス流の自由主義を掲げ、地主や農民の支持を得た。翌1882年には大隈重信が立憲改進党を結成し、政党政治が始まった。,自由党の結成,自由党の結成。日本初の政党,板垣退助:党首; フランス流:自由主義; 地主・農民:支持基盤,その他,3
1884年,埼玉県秩父地方で困窮した農民が蜂起。借金の帳消しを要求し、郡役所を襲撃。自由党員も参加したが、政府軍に鎮圧された。自由民権運動の激化事件の一つ。,秩父事件,秩父事件。農民の武装蜂起,埼玉県秩父:蜂起地; 農民:困窮; 自由党員:参加,その他,3
1885年,太政官制を廃止し、内閣制度を創設。初代内閣総理大臣に伊藤博文が就任。近代的な行政機構が整い、内閣が国政を統括する体制になった。,内閣制度の創設,内閣制度の創設。伊藤博文が初代総理,伊藤博文:初代総理; 内閣:行政の中心; 太政官制:廃止,その他,3
1886年,イギリス船ノルマントン号が和歌山沖で沈没。イギリス人船員は全員救命ボートで脱出したが、日本人乗客25人全員が溺死。船長は軽い罰で済まされ、領事裁判権の不平等が問題となった。,ノルマントン号事件,ノルマントン号事件。領事裁判権の不平等,イギリス船:沈没; 日本人:全員溺死; 領事裁判権:不平等条約,その他,3
1890年,大日本帝国憲法に基づき、衆議院と貴族院からなる帝国議会が開会。立憲政治が始まったが、選挙権は高額納税者の男子のみで、有権者は全人口の1%程度だった。,第1回帝国議会の開会,第1回帝国議会。立憲政治の開始,衆議院:選挙; 貴族院:任命; 有権者:1%,その他,3
1894年,陸奥宗光外相がイギリスとの間で領事裁判権の撤廃に成功。不平等条約改正の第一歩。その後、他の列強とも同様の条約を結んだ。,日英通商航海条約,日英通商航海条約。領事裁判権の撤廃,陸奥宗光:外相; 領事裁判権:撤廃; イギリス:条約相手,その他,3
1901年,福岡県八幡に官営製鉄所が操業開始。中国から鉄鉱石、筑豊炭田から石炭を調達し、近代産業の基盤となった。日清戦争の賠償金で建設された。,八幡製鉄所の操業開始,八幡製鉄所。官営製鉄所,福岡県八幡:所在地; 筑豊炭田:石炭; 日清戦争:賠償金で建設,その他,2
1902年,日本とイギリスが同盟を結ぶ。ロシアの南下政策に対抗するため。日本は列強の一員として国際的に認められた。日露戦争での勝利にもつながった。,日英同盟,日英同盟。ロシアに対抗,イギリス:同盟国; ロシア:共通の脅威; 列強:日本の地位向上,その他,3
1911年,小村寿太郎外相がアメリカとの間で関税自主権の完全回復に成功。1858年以来の不平等条約がついに改正された。明治政府の悲願が達成された。,関税自主権の回復,関税自主権の回復。不平等条約の完全改正,小村寿太郎:外相; 関税自主権:回復; 1858年:条約以来,その他,3
1911年,中国で孫文らが清朝を倒し、アジア初の共和国・中華民国を樹立。2000年以上続いた皇帝政治が終わり、近代国家への転換が始まった。日本にも大きな影響を与えた。,辛亥革命,辛亥革命。清朝滅亡,孫文:指導者; 清朝:滅亡; 中華民国:成立,その他,3
1912年,明治天皇が亡くなり、大正天皇が即位。明治時代が終わり、大正時代が始まる。乃木希典大将が殉死し、社会に衝撃を与えた。,明治天皇崩御・大正天皇即位,明治から大正へ。時代の転換,明治天皇:崩御; 大正天皇:即位; 乃木希典:殉死,その他,2
1914年,ヨーロッパで第一次世界大戦が勃発。日本は日英同盟を理由に参戦し、ドイツの中国権益や南洋諸島を占領。ヨーロッパが疲弊する中、日本は経済発展を遂げた。,第一次世界大戦の開戦,第一次世界大戦（1914-1918年）。日本参戦,ヨーロッパ:主戦場; 日本:日英同盟で参戦; 中国:権益拡大,その他,3
1915年,日本が中国（袁世凱政権）に二十一カ条の要求を突きつける。山東省のドイツ権益の継承、満州・内蒙古の権益拡大などを要求。中国や列強の反発を招いた。,二十一カ条の要求,二十一カ条の要求。中国に厳しい要求,中国:袁世凱政権; 山東省:権益; 列強:反発,その他,3
1917年,ロシアで革命が起こり、レーニン率いるボリシェヴィキが政権を奪取。世界初の社会主義国家・ソビエト連邦が成立。世界に大きな影響を与え、日本も干渉戦争（シベリア出兵）を行った。,ロシア革命,ロシア革命。社会主義国家の誕生,レーニン:指導者; ボリシェヴィキ:革命党; ソ連:成立,その他,3
1918年,ロシア革命に干渉するため、日本がシベリアに出兵。米価高騰の一因となり、米騒動を引き起こした。1922年まで続いたが、成果なく撤退した。,シベリア出兵,シベリア出兵（1918-1922年）。干渉戦争,ロシア革命:干渉; 米騒動:引き金; 1922年:撤退,その他,3
1919年,第一次世界大戦の講和条約。日本は山東省の旧ドイツ権益や南洋諸島を獲得。国際連盟の常任理事国となり、列強としての地位を確立した。,ベルサイユ条約,ベルサイユ条約。第一次大戦の講和,山東省:獲得; 南洋諸島:委任統治; 国際連盟:常任理事国,その他,3
1919年,朝鮮で日本の植民地支配に反対する大規模な独立運動が発生。「独立万歳」を叫ぶデモが全土に広がったが、日本は武力で鎮圧。朝鮮の民族意識の高まりを示した。,三・一独立運動,三・一独立運動。朝鮮の独立運動,朝鮮:独立要求; 日本:武力鎮圧; 民族運動:高まり,その他,3
1920年,第一次世界大戦後、アメリカ大統領ウィルソンの提唱で国際連盟が発足。日本は常任理事国として参加。しかし提唱国アメリカは議会の反対で不参加となった。,国際連盟の発足,国際連盟の発足。集団安全保障,ウィルソン:提唱; 日本:常任理事国; アメリカ:不参加,その他,3
1922年,部落差別撤廃を目指し、全国水平社が創立される。「人の世に熱あれ、人間に光あれ」のスローガンで、差別との闘いを宣言。日本初の人権運動組織。,全国水平社の創立,全国水平社。部落差別撤廃運動,部落差別:撤廃目標; 人の世に熱あれ:スローガン; 人権運動:始まり,その他,3
1922年,アメリカ主催で軍縮会議が開催。主力艦の保有比率を米英日仏伊=5:5:3:1.67:1.67に制限。日本は山東省の権益を中国に返還し、日英同盟も解消された。,ワシントン会議,ワシントン会議。海軍軍縮,主力艦:保有比率; 山東省:返還; 日英同盟:解消,その他,3
1923年,マグニチュード7.9の大地震が関東地方を襲い、東京・横浜が壊滅。火災で10万人以上が死亡。混乱の中で朝鮮人虐殺などの悲劇も発生。震災恐慌で経済が悪化し、社会不安が軍部台頭の一因となった。,関東大震災,関東大震災。首都圏壊滅,マグニチュード7.9:規模; 10万人:犠牲者; 朝鮮人虐殺:悲劇,地理,2
1924年,貴族院中心の政治に反対し、普通選挙を求める護憲運動が再び高まる。1925年に男子普通選挙法が成立。政党政治の基盤が強化された。,第2次護憲運動,第2次護憲運動。普通選挙要求,普通選挙:要求; 男子:25歳以上; 政党政治:発展,その他,3
1925年,東京で日本初のラジオ放送が始まる。マスメディアの発展により、情報が全国に瞬時に伝わるようになった。大衆文化の発展にも貢献した。,ラジオ放送開始,ラジオ放送開始。マスメディアの発展,東京:初放送; マスメディア:発展; 大衆文化:普及,文化,2
1929年,ニューヨーク株式市場で株価が大暴落し、世界恐慌が始まる。日本も深刻な不況に陥り、失業者が急増。農村は困窮し、軍部の発言力が強まった。昭和恐慌と呼ばれる。,世界恐慌,世界恐慌。昭和恐慌,ニューヨーク:株価暴落; 日本:不況; 軍部:台頭,その他,3
1932年,海軍青年将校らが犬養毅首相を暗殺。政党政治を批判し、軍部の政治介入が本格化。犬養の死で政党内閣は終わり、軍部の発言力が強まった。,五・一五事件,五・一五事件。首相暗殺,犬養毅:暗殺; 海軍将校:実行; 政党内閣:終了,その他,3
1933年,満州事変に対する国際連盟の非難決議を受け、日本は国際連盟を脱退。松岡洋右全権が演説後に退場。国際的孤立が深まり、軍国主義化が加速した。,国際連盟脱退,国際連盟脱退。国際的孤立,満州事変:非難; 松岡洋右:全権; 国際的孤立:深まる,その他,3
1936年,陸軍の青年将校が「昭和維新」を掲げてクーデターを決行。大蔵大臣高橋是清らを殺害し、東京の中心部を占拠。天皇の命で鎮圧されたが、軍部の政治支配が確立した。,二・二六事件,二・二六事件。陸軍のクーデター,陸軍将校:クーデター; 高橋是清:暗殺; 軍部:政治支配,その他,3
1936年,日本とドイツが共産主義（ソ連）に対抗する協定を結ぶ。翌1937年にイタリアも加わり日独伊三国防共協定となる。枢軸国の形成が始まった。,日独防共協定,日独防共協定。枢軸国の形成,ドイツ:協定相手; 共産主義:対抗; イタリア:1937年参加,その他,3
1938年,政府が戦争遂行のため、人的・物的資源を統制できる法律を制定。議会の承認なく動員令を発動でき、国民生活全体が戦争に動員された。,国家総動員法,国家総動員法。戦時統制,戦争:資源動員; 国民生活:統制; 議会:権限弱体化,その他,3
1939年,ドイツがポーランドに侵攻し、第二次世界大戦が始まる。イギリス・フランスがドイツに宣戦布告。日本は当初中立を保ったが、1940年に日独伊三国同盟を結んだ。,第二次世界大戦の開戦,第二次世界大戦開戦。ヨーロッパで戦火,ドイツ:ポーランド侵攻; イギリス・フランス:宣戦; 日本:当初中立,その他,3
1940年,日本・ドイツ・イタリアが軍事同盟を結ぶ。アメリカを牽制する狙いだったが、かえってアメリカとの対立を深めた。太平洋戦争への道を開いた。,日独伊三国同盟,日独伊三国同盟。枢軸国の結束,ドイツ・イタリア:同盟国; アメリカ:牽制対象; 太平洋戦争:導火線,その他,3
1941年,日本とソ連が相互不可侵を約束する中立条約を結ぶ。松岡洋右外相が調印。日本は南方進出に専念できるようになったが、ソ連は1945年に一方的に破棄した。,日ソ中立条約,日ソ中立条約。相互不可侵,ソ連:中立約束; 松岡洋右:外相; 1945年:一方的破棄,その他,3
1941年,日中戦争の長期化で、アメリカが日本への石油輸出を禁止。資源確保のため東南アジア進出を目指し、ハワイの真珠湾を奇襲攻撃。太平洋戦争（大東亜戦争）が始まり、日本は連合国と全面戦争に突入した。,真珠湾攻撃（太平洋戦争開戦）,真珠湾攻撃。太平洋戦争開戦,ハワイ:奇襲; アメリカ:石油禁輸; 太平洋戦争:開始,その他,3
1942年,太平洋のミッドウェー島沖で日米海軍が激突。日本は空母4隻を失う大敗北を喫し、戦局が転換。以後、日本は守勢に回った。,ミッドウェー海戦,ミッドウェー海戦。戦局の転換点,空母:4隻喪失; 日本:大敗; 戦局:守勢へ,その他,3
1943年,戦況悪化で兵力不足となり、大学生の徴兵猶予を停止。多くの学生が戦場に送られた。神宮外苑で壮行会が開かれ、若者が次々と出征した。,学徒出陣,学徒出陣。大学生の徴兵,大学生:徴兵; 兵力不足:原因; 神宮外苑:壮行会,その他,3
1944年,アメリカ軍が太平洋の要衝サイパン島を占領。日本本土が爆撃機の射程内に入り、東条英機内閣が総辞職。日本の敗色が濃厚になった。,サイパン島陥落,サイパン島陥落。本土爆撃射程内,サイパン島:占領; 本土:爆撃範囲; 東条内閣:総辞職,その他,3
1945年,アメリカ軍が沖縄に上陸し、激しい地上戦が展開。日本軍は組織的抵抗を続け、多くの住民も巻き込まれた。約20万人が犠牲となり、唯一の地上戦となった。,沖縄戦,沖縄戦。唯一の地上戦,沖縄:地上戦; 住民:巻き込まれる; 20万人:犠牲者,地理,3
1945年,アメリカが広島・長崎に原子爆弾を投下し、ソ連も参戦。8月15日、天皇がポツダム宣言を受諾し、日本は無条件降伏。第二次世界大戦が終わり、GHQによる占領が始まった。,ポツダム宣言の受諾,ポツダム宣言受諾。無条件降伏,原爆:広島・長崎; 8月15日:終戦; GHQ:占領開始,その他,3
1946年,GHQの指導の下、民主的な新憲法が公布される。国民主権・基本的人権の尊重・平和主義（戦争放棄）を三大原則とし、天皇は象徴となる。1947年5月3日に施行された。,日本国憲法の公布,日本国憲法公布。民主国家へ,国民主権:三原則; 平和主義:戦争放棄; 1947年5月3日:施行,その他,3
1949年,中国で共産党と国民党の内戦が続いていたが、毛沢東率いる共産党が勝利。中華人民共和国が成立し、蒋介石の国民党は台湾に逃れた。東アジアの冷戦構造が確立した。,中華人民共和国の成立,中華人民共和国成立。共産党の勝利,毛沢東:指導者; 共産党:勝利; 蒋介石:台湾へ,その他,3
1950年,北朝鮮（金日成）が韓国に侵攻し、朝鮮戦争が始まる。アメリカを中心とする国連軍が韓国を支援し、中国が北朝鮮を支援。1953年に休戦したが、朝鮮半島は分断されたまま。,朝鮮戦争の勃発,朝鮮戦争（1950-1953年）。南北分断,北朝鮮:侵攻; 国連軍:韓国支援; 中国:北朝鮮支援,その他,3
1951年,日本が48カ国と講和条約を結び、主権を回復。GHQの占領が終わり、独立国として国際社会に復帰。同時に日米安全保障条約も調印し、アメリカ軍が駐留を継続した。,サンフランシスコ平和条約,サンフランシスコ平和条約。主権回復,48カ国:講和; 主権:回復; 日米安保:同時調印,その他,3
1954年,警察予備隊・保安隊を改組し、自衛隊が発足。陸・海・空の三自衛隊が日本の防衛を担う。憲法第9条との関係で論争が続いている。,自衛隊の発足,自衛隊発足。日本の防衛組織,警察予備隊:前身; 陸海空:三自衛隊; 憲法9条:論争,その他,3
1956年,日本とソ連が国交を回復。シベリア抑留者が帰国し、日本は国際連合に加盟。しかし北方領土問題は未解決のまま残された。,日ソ共同宣言,日ソ共同宣言。国交回復,ソ連:国交回復; シベリア抑留者:帰国; 北方領土:未解決,その他,3
1964年,アジア初のオリンピックが東京で開催。新幹線や首都高速道路が完成し、日本の経済成長を世界にアピール。戦後復興の象徴となった。,東京オリンピック,東京オリンピック。戦後復興の象徴,アジア初:オリンピック; 新幹線:開業; 高度成長:象徴,スポーツ,2
1972年,アメリカの統治下にあった沖縄が日本に返還される。しかしアメリカ軍基地は残り、基地問題は現在も続いている。,沖縄返還,沖縄返還。日本復帰,アメリカ統治:終了; 日本復帰:実現; 基地問題:残存,地理,3
1973年,第四次中東戦争をきっかけに、産油国が石油価格を大幅引き上げ。日本経済は大打撃を受け、高度経済成長が終わった。トイレットペーパー騒動など社会混乱も発生。,石油危機（オイルショック）,石油危機。高度成長の終焉,中東戦争:原因; 石油価格:高騰; 高度成長:終了,その他,3
1978年,日本と中国が平和友好条約を結び、正式に国交を樹立。日中関係が正常化し、経済交流が活発化した。,日中平和友好条約,日中平和友好条約。国交正常化,中国:国交樹立; 平和友好:条約; 経済交流:活発化,その他,3
1989年,東西ドイツを分断していたベルリンの壁が崩壊。東欧の民主化が進み、冷戦の終結が近づいた。翌1990年にドイツは統一された。,ベルリンの壁崩壊,ベルリンの壁崩壊。冷戦終結へ,ベルリンの壁:崩壊; 東欧:民主化; ドイツ統一:1990年,その他,3
1991年,ソビエト連邦が解体し、ロシアなど15の独立国に分裂。約70年続いた社会主義体制が崩壊し、冷戦が終結。世界は新しい時代を迎えた。,ソ連崩壊,ソ連崩壊。冷戦の終結,ソ連:解体; 15カ国:独立; 冷戦:終結,その他,3
1995年,兵庫県南部でマグニチュード7.3の大地震が発生。神戸市を中心に6400人以上が犠牲となり、都市型災害の恐ろしさを示した。ボランティア活動が活発化した。,阪神・淡路大震災,阪神・淡路大震災。都市型災害,マグニチュード7.3:規模; 神戸:被災地; 6400人:犠牲者,地理,2
2011年,マグニチュード9.0の巨大地震が東北地方を襲い、大津波が発生。福島第一原子力発電所が事故を起こし、約2万人が犠牲となった。戦後最大の災害。,東日本大震災,東日本大震災。戦後最大の災害,マグニチュード9.0:史上最大級; 大津波:被害; 原発事故:福島,地理,3
