語句,読み（ひらがな）,意味,古(用法):「語源等解説（日本語）」；現(近い語):『意味』(推定)。古典から現代への意味変化があります。,関連語と意味,関連分野,難易度
いと,いと,とても,古(用法):「とても」；現(近い語):『いみじ』。意味の変化があり、現代では用法やニュアンスが移り変わっています。,いみじ:非常に,家族,1
あはれ,あはれ,しみじみとした情趣,古(用法):「しみじみとした情趣」；現(近い語):『かなしい』。意味の変化があり、現代では用法やニュアンスが移り変わっています。,かなしい:悲しい,交通,2
をかし,をかし,趣がある・面白い,古(用法):「趣がある・面白い」；現(近い語):『おもしろい』。意味の変化があり、現代では用法やニュアンスが移り変わっています。,おもしろい:面白い,文化,1
なほ,なほ,やはり・やっぱり,古(用法):「やはり・やっぱり」；現(近い語):『やっぱり』。意味はほぼ同じです。,やっぱり:同意,学校,1
やがて,やがて,すぐに・そのまま,古(用法):「すぐに・そのまま」；現(近い語):『すぐ』。意味はほぼ同じです。,すぐ:即時,時間,1
いかで,いかで,どうして・なんとかして,古(用法):「どうして・なんとかして」；現(近い語):『なぜ』。意味の変化があり、現代では用法やニュアンスが移り変わっています。,なぜ:理由,文法,2
いかに,いかに,どのように・どうして,古(用法):「どのように・どうして」；現(近い語):『どう』。意味はほぼ同じです。,どう:方法,文法,1
さだめて,さだめて,きっと・必ず,古(用法):「きっと・必ず」；現(近い語):『かならず』。意味の変化があり、現代では用法やニュアンスが移り変わっています。,かならず:確信,文法,2
あした,あした,朝,古(用法):「朝」；現(近い語):『あさ』。意味の変化があり、現代では用法やニュアンスが移り変わっています。 古語では時間帯を指す語が、現代では朝を表す語として定着しました。,あさ:朝,時間,1
つとめて,つとめて,早朝,古(用法):「早朝」；現(近い語):『あさはやく』。意味の変化があり、現代では用法やニュアンスが移り変わっています。 古語では時間帯を指す語が、現代では朝を表す語として定着しました。,あさはやく:早朝,時間,2
いとど,いとど,ますます,古(用法):「ますます」；現(近い語):『もっと』。意味の変化があり、現代では用法やニュアンスが移り変わっています。,もっと:さらに,文法,2
いみじ,いみじ,非常に・たいそう,古(用法):「非常に・たいそう」；現(近い語):『いと』。意味の変化があり、現代では用法やニュアンスが移り変わっています。,いと:とても,職業,2
あやし,あやし,不思議だ・奇妙だ,古(用法):「不思議だ・奇妙だ」；現(近い語):『ふしぎ』。意味の変化があり、現代では用法やニュアンスが移り変わっています。,ふしぎ:不思議,感情,2
うつくし,うつくし,かわいい・美しい,古(用法):「かわいい・美しい」；現(近い語):『かわいい』。意味はほぼ同じです。 感情の対象が小さいものに向くなど、用法が具体化しました。,かわいい:可愛い,家族,1
あやまつ,あやまつ,間違える,古(用法):「間違える」；現(近い語):『まちがえる』。意味の変化があり、現代では用法やニュアンスが移り変わっています。,まちがえる:失敗,文法,1
おぼゆ,おぼゆ,思われる・感じられる,古(用法):「思われる・感じられる」；現(近い語):『かんじる』。意味の変化があり、現代では用法やニュアンスが移り変わっています。,かんじる:感じる,文法,2
たまふ,たまふ,くださる・お与えになる,古(用法):「くださる・お与えになる」；現(近い語):『くださる』。意味はほぼ同じです。,くださる:与える,文法,2
まうす,まうす,申し上げる,古(用法):「申し上げる」；現(近い語):『もうす』。意味の変化があり、現代では用法やニュアンスが移り変わっています。,もうす:言う,文法,2
きこゆ,きこゆ,聞こえる・申し上げる,古(用法):「聞こえる・申し上げる」；現(近い語):『きく』。意味の変化があり、現代では用法やニュアンスが移り変わっています。,きく:聞く,文法,2
あやしむ,あやしむ,不思議に思う,古(用法):「不思議に思う」；現(近い語):『ふしぎ』。意味の変化があり、現代では用法やニュアンスが移り変わっています。,ふしぎ:不思議,買い物,2
うし,うし,つらい・悲しい,古(用法):「つらい・悲しい」；現(近い語):『かなしい』。意味の変化があり、現代では用法やニュアンスが移り変わっています。,かなしい:悲しい,文化,2
うれふ,うれふ,悲しむ・嘆く,古(用法):「悲しむ・嘆く」；現(近い語):『なげく』。意味の変化があり、現代では用法やニュアンスが移り変わっています。,なげく:嘆く,健康,2
おこなふ,おこなふ,仏道修行する,古(用法):「仏道修行する」；現(近い語):『しゅぎょう』。意味の変化があり、現代では用法やニュアンスが移り変わっています。,しゅぎょう:修行,食べ物,3
おどろく,おどろく,目を覚ます・驚く,古(用法):「目を覚ます・驚く」；現(近い語):『めざめる』。意味の変化があり、現代では用法やニュアンスが移り変わっています。 もともとは身体的変化を表し、後に感情の驚きへ広がりました。,めざめる:目覚める,文法,2
かなし,かなし,いとしい・かわいい,古(用法):「いとしい・かわいい」；現(近い語):『かわいい』。意味はほぼ同じです。 感情の対象が小さいものに向くなど、用法が具体化しました。,かわいい:可愛い,感情,1
かる,かる,離れる,古(用法):「離れる」；現(近い語):『はなれる』。意味の変化があり、現代では用法やニュアンスが移り変わっています。,はなれる:離れる,文法,2
きよし,きよし,美しい・清らかだ,古(用法):「美しい・清らかだ」；現(近い語):『うつくしい』。意味の変化があり、現代では用法やニュアンスが移り変わっています。,うつくしい:美しい,感情,1
こころ,こころ,心・気持ち,古(用法):「心・気持ち」；現(近い語):『きもち』。意味の変化があり、現代では用法やニュアンスが移り変わっています。,きもち:気持ち,感情,1
さぶらふ,さぶらふ,お仕えする,古(用法):「お仕えする」；現(近い語):『つかえる』。意味の変化があり、現代では用法やニュアンスが移り変わっています。,つかえる:仕える,文法,2
しのぶ,しのぶ,我慢する・懐かしむ,古(用法):「我慢する・懐かしむ」；現(近い語):『たえる』。意味の変化があり、現代では用法やニュアンスが移り変わっています。,たえる:耐える,感情,2
すずろなり,すずろなり,なんとなく・思いがけない,古(用法):「なんとなく・思いがけない」；現(近い語):『ふと』。意味の変化があり、現代では用法やニュアンスが移り変わっています。,ふと:突然,感情,2
たより,たより,手紙・便り,古(用法):「手紙・便り」；現(近い語):『てがみ』。意味の変化があり、現代では用法やニュアンスが移り変わっています。,てがみ:手紙,自然,1
つかふ,つかふ,仕える,古(用法):「仕える」；現(近い語):『つかえる』。意味の変化があり、現代では用法やニュアンスが移り変わっています。,つかえる:仕える,文法,2
つれづれなり,つれづれなり,退屈だ・所在ない,古(用法):「退屈だ・所在ない」；現(近い語):『ひま』。意味の変化があり、現代では用法やニュアンスが移り変わっています。,ひま:暇,感情,2
とき,とき,時・機会,古(用法):「時・機会」；現(近い語):『じかん』。意味の変化があり、現代では用法やニュアンスが移り変わっています。,じかん:時間,時間,1
なかなか,なかなか,かえって・むしろ,古(用法):「かえって・むしろ」；現(近い語):『むしろ』。意味はほぼ同じです。,むしろ:逆に,感情,2
なほざり,なほざり,いい加減・おろそか,古(用法):「いい加減・おろそか」；現(近い語):『おろそか』。意味はほぼ同じです。,おろそか:軽視,文法,2
のたまふ,のたまふ,おっしゃる,古(用法):「おっしゃる」；現(近い語):『おっしゃる』。意味はほぼ同じです。,おっしゃる:言う,文法,2
はかなし,はかなし,頼りない・むなしい,古(用法):「頼りない・むなしい」；現(近い語):『むなしい』。意味はほぼ同じです。,むなしい:虚しい,感情,2
ひま,ひま,すきま・間,古(用法):「すきま・間」；現(近い語):『すきま』。意味はほぼ同じです。,すきま:隙間,時間,1
ふみ,ふみ,手紙・書物,古(用法):「手紙・書物」；現(近い語):『てがみ』。意味の変化があり、現代では用法やニュアンスが移り変わっています。,てがみ:手紙,動物,1
まどふ,まどふ,迷う・うろたえる,古(用法):「迷う・うろたえる」；現(近い語):『まよう』。意味の変化があり、現代では用法やニュアンスが移り変わっています。,まよう:迷う,感情,2
みる,みる,世話をする・結婚する,古(用法):「世話をする・結婚する」；現(近い語):『せわ』。意味の変化があり、現代では用法やニュアンスが移り変わっています。,せわ:世話,文法,2
むすぶ,むすぶ,手ですくう・作る,古(用法):「手ですくう・作る」；現(近い語):『つくる』。意味の変化があり、現代では用法やニュアンスが移り変わっています。,つくる:作る,文法,2
めづ,めづ,ほめる・感心する,古(用法):「ほめる・感心する」；現(近い語):『ほめる』。意味はほぼ同じです。,ほめる:賞賛,感情,2
やむごとなし,やむごとなし,高貴だ・大切だ,古(用法):「高貴だ・大切だ」；現(近い語):『たかい』。意味の変化があり、現代では用法やニュアンスが移り変わっています。,たかい:高い,文法,3
よし,よし,理由・方法,古(用法):「理由・方法」；現(近い語):『りゆう』。意味の変化があり、現代では用法やニュアンスが移り変わっています。,りゆう:理由,文法,2
わぶ,わぶ,困る・嘆く,古(用法):「困る・嘆く」；現(近い語):『こまる』。意味の変化があり、現代では用法やニュアンスが移り変わっています。,こまる:困る,感情,2
あさまし,あさまし,驚きあきれる・意外だ,古(用法):「驚きあきれる・意外だ」；現(近い語):『おどろく』。意味の変化があり、現代では用法やニュアンスが移り変わっています。 もともとは身体的変化を表し、後に感情の驚きへ広がりました。,おどろく:驚く,感情,2
あだなり,あだなり,むだだ・はかない,古(用法):「むだだ・はかない」；現(近い語):『むだ』。意味はほぼ同じです。,むだ:無駄,感情,2
あぢきなし,あぢきなし,つまらない・どうしようもない,古(用法):「つまらない・どうしようもない」；現(近い語):『つまらない』。意味はほぼ同じです。,つまらない:退屈,感情,2
いぶかし,いぶかし,気がかりだ・疑わしい,古(用法):「気がかりだ・疑わしい」；現(近い語):『うたがう』。意味の変化があり、現代では用法やニュアンスが移り変わっています。,うたがう:疑う,感情,2
いまいまし,いまいまし,不吉だ・縁起が悪い,古(用法):「不吉だ・縁起が悪い」；現(近い語):『ふきつ』。意味の変化があり、現代では用法やニュアンスが移り変わっています。,ふきつ:不吉,感情,3
うしろめたし,うしろめたし,気がかりだ・心配だ,古(用法):「気がかりだ・心配だ」；現(近い語):『しんぱい』。意味の変化があり、現代では用法やニュアンスが移り変わっています。,しんぱい:心配,感情,2
うしろやすし,うしろやすし,安心だ・信頼できる,古(用法):「安心だ・信頼できる」；現(近い語):『あんしん』。意味の変化があり、現代では用法やニュアンスが移り変わっています。,あんしん:安心,感情,1
うたてし,うたてし,いやだ・情けない,古(用法):「いやだ・情けない」；現(近い語):『いや』。意味はほぼ同じです。,いや:不快,感情,2
おほけなし,おほけなし,身分不相応だ・恐れ多い,古(用法):「身分不相応だ・恐れ多い」；現(近い語):『おそれおおい』。意味の変化があり、現代では用法やニュアンスが移り変わっています。,おそれおおい:畏敬,文法,3
かしこし,かしこし,恐れ多い・賢い,古(用法):「恐れ多い・賢い」；現(近い語):『けんめい』。意味の変化があり、現代では用法やニュアンスが移り変わっています。,けんめい:賢明,文法,2
かたはらいたし,かたはらいたし,気の毒だ・きまり悪い,古(用法):「気の毒だ・きまり悪い」；現(近い語):『きまりわるい』。意味の変化があり、現代では用法やニュアンスが移り変わっています。,きまりわるい:居心地悪い,感情,2
かたくななり,かたくななり,無骨だ・教養がない,古(用法):「無骨だ・教養がない」；現(近い語):『ぶこつ』。意味の変化があり、現代では用法やニュアンスが移り変わっています。,ぶこつ:粗野,感情,2
きよらなり,きよらなり,美しい・上品だ,古(用法):「美しい・上品だ」；現(近い語):『うつくしい』。意味の変化があり、現代では用法やニュアンスが移り変わっています。,うつくしい:美しい,感情,2
こころもとなし,こころもとなし,不安だ・待ち遠しい,古(用法):「不安だ・待ち遠しい」；現(近い語):『ふあん』。意味の変化があり、現代では用法やニュアンスが移り変わっています。,ふあん:不安,感情,2
さうざうし,さうざうし,物足りない・寂しい,古(用法):「物足りない・寂しい」；現(近い語):『さびしい』。意味の変化があり、現代では用法やニュアンスが移り変わっています。,さびしい:寂しい,感情,2
しどけなし,しどけなし,だらしない・気楽だ,古(用法):「だらしない・気楽だ」；現(近い語):『きらく』。意味の変化があり、現代では用法やニュアンスが移り変わっています。,きらく:気楽,感情,2
しるし,しるし,はっきりしている・目立つ,古(用法):「はっきりしている・目立つ」；現(近い語):『めだつ』。意味の変化があり、現代では用法やニュアンスが移り変わっています。,めだつ:目立つ,文法,1
すなはち,すなはち,すぐに・即座に,古(用法):「すぐに・即座に」；現(近い語):『すぐ』。意味はほぼ同じです。,すぐ:即時,時間,1
たけし,たけし,勇ましい・強い,古(用法):「勇ましい・強い」；現(近い語):『ゆうき』。意味の変化があり、現代では用法やニュアンスが移り変わっています。,ゆうき:勇気,感情,2
つきづきし,つきづきし,似つかわしい・ふさわしい,古(用法):「似つかわしい・ふさわしい」；現(近い語):『ふさわしい』。意味はほぼ同じです。,ふさわしい:適合,感情,2
つれなし,つれなし,平然としている・冷淡だ,古(用法):「平然としている・冷淡だ」；現(近い語):『れいたん』。意味の変化があり、現代では用法やニュアンスが移り変わっています。,れいたん:冷淡,感情,2
ところせし,ところせし,窮屈だ・いっぱいだ,古(用法):「窮屈だ・いっぱいだ」；現(近い語):『きゅうくつ』。意味の変化があり、現代では用法やニュアンスが移り変わっています。,きゅうくつ:狭い,感情,2
ながむ,ながむ,物思いにふける・詩歌を詠む,古(用法):「物思いにふける・詩歌を詠む」；現(近い語):『ものおもい』。意味の変化があり、現代では用法やニュアンスが移り変わっています。,ものおもい:思案,感情,2
ねんごろ,ねんごろ,心を込めて・丁寧に,古(用法):「心を込めて・丁寧に」；現(近い語):『ていねい』。意味の変化があり、現代では用法やニュアンスが移り変わっています。,ていねい:丁寧,文法,2
はづかし,はづかし,立派だ・気後れする,古(用法):「立派だ・気後れする」；現(近い語):『りっぱ』。意味の変化があり、現代では用法やニュアンスが移り変わっています。,りっぱ:立派,感情,2
ひとびと,ひとびと,人々・貴族,古(用法):「人々・貴族」；現(近い語):『きぞく』。意味の変化があり、現代では用法やニュアンスが移り変わっています。,きぞく:貴族,科学,1
ふるさと,ふるさと,旧都・昔の都,古(用法):「旧都・昔の都」；現(近い語):『きゅうと』。意味の変化があり、現代では用法やニュアンスが移り変わっています。,きゅうと:旧都,地理,2
まめやか,まめやか,まじめだ・誠実だ,古(用法):「まじめだ・誠実だ」；現(近い語):『まじめ』。意味はほぼ同じです。,まじめ:誠実,感情,2
みやび,みやび,上品・優雅,古(用法):「上品・優雅」；現(近い語):『ゆうが』。意味の変化があり、現代では用法やニュアンスが移り変わっています。,ゆうが:優雅,感情,2
むげなり,むげなり,ひどい・最低だ,古(用法):「ひどい・最低だ」；現(近い語):『ひどい』。意味はほぼ同じです。,ひどい:悪い,感情,2
やさし,やさし,優美だ・恥ずかしい,古(用法):「優美だ・恥ずかしい」；現(近い語):『うつくしい』。意味の変化があり、現代では用法やニュアンスが移り変わっています。,うつくしい:美しい,感情,2
よしなし,よしなし,理由がない・つまらない,古(用法):「理由がない・つまらない」；現(近い語):『つまらない』。意味はほぼ同じです。,つまらない:無意味,感情,2
わりなし,わりなし,無理だ・道理に合わない,古(用法):「無理だ・道理に合わない」；現(近い語):『むり』。意味の変化があり、現代では用法やニュアンスが移り変わっています。,むり:理不尽,感情,2
をこなり,をこなり,愚かだ,古(用法):「愚かだ」；現(近い語):『おろか』。意味の変化があり、現代では用法やニュアンスが移り変わっています。,おろか:愚か,感情,2
おぼつかなし,おぼつかなし,はっきりしない・不安だ,古(用法):「はっきりしない・不安だ」；現(近い語):『ふあん』。意味の変化があり、現代では用法やニュアンスが移り変わっています。,ふあん:不安,感情,2
おろかなり,おろかなり,いい加減だ・愚かだ,古(用法):「いい加減だ・愚かだ」；現(近い語):『いいかげん』。意味の変化があり、現代では用法やニュアンスが移り変わっています。,いいかげん:不注意,感情,2
かたし,かたし,難しい・困難だ,古(用法):「難しい・困難だ」；現(近い語):『むずかしい』。意味の変化があり、現代では用法やニュアンスが移り変わっています。,むずかしい:困難,文法,2
かたみに,かたみに,互いに・かわるがわる,古(用法):「互いに・かわるがわる」；現(近い語):『たがいに』。意味の変化があり、現代では用法やニュアンスが移り変わっています。,たがいに:相互,文法,2
かたらふ,かたらふ,親しく交際する・相談する,古(用法):「親しく交際する・相談する」；現(近い語):『そうだん』。意味の変化があり、現代では用法やニュアンスが移り変わっています。,そうだん:相談,文法,2
あへず,あへず,耐えられない・〜しきれない,古(用法):「耐えられない・〜しきれない」；現(近い語):『たえられない』。意味の変化があり、現代では用法やニュアンスが移り変わっています。,たえられない:耐え難い,感情,2
いとほし,いとほし,かわいそうだ・いとおしい,古(用法):「かわいそうだ・いとおしい」；現(近い語):『かわいそう』。意味はほぼ同じです。,かわいそう:哀れ,感情,2
いたし,いたし,非常に〜だ・好ましい,古(用法):「非常に〜だ・好ましい」；現(近い語):『とても』。意味の変化があり、現代では用法やニュアンスが移り変わっています。,とても:非常,感情,1
いたく,いたく,ひどく・たいそう,古(用法):「ひどく・たいそう」；現(近い語):『ひどく』。意味はほぼ同じです。,ひどく:とても,感情,1
いらふ,いらふ,応答する・返事する,古(用法):「応答する・返事する」；現(近い語):『こたえる』。意味の変化があり、現代では用法やニュアンスが移り変わっています。,こたえる:応答,文法,2
いぬ,いぬ,行く・去る,古(用法):「行く・去る」；現(近い語):『いく』。意味の変化があり、現代では用法やニュアンスが移り変わっています。,いく:行く,文法,1
うつる,うつる,移る・うつる,古(用法):「移る・うつる」；現(近い語):『うつす』。意味の変化があり、現代では用法やニュアンスが移り変わっています。,うつす:移す,文法,2
うつつ,うつつ,現実・夢でない状態,古(用法):「現実・夢でない状態」；現(近い語):『げんじつ』。意味の変化があり、現代では用法やニュアンスが移り変わっています。,げんじつ:現実,感情,2
うとし,うとし,疎い・親しくない,古(用法):「疎い・親しくない」；現(近い語):『うとい』。意味の変化があり、現代では用法やニュアンスが移り変わっています。,うとい:距離感,感情,2
うるはし,うるはし,整っている・美しい,古(用法):「整っている・美しい」；現(近い語):『きれい』。意味の変化があり、現代では用法やニュアンスが移り変わっています。,きれい:整い,感情,1
うらやまし,うらやまし,うらやましい・妬ましい,古(用法):「うらやましい・妬ましい」；現(近い語):『うらやむ』。意味の変化があり、現代では用法やニュアンスが移り変わっています。,うらやむ:羨む,感情,2
えんなり,えんなり,優雅だ・艶やかだ,古(用法):「優雅だ・艶やかだ」；現(近い語):『みやび』。意味の変化があり、現代では用法やニュアンスが移り変わっています。,みやび:雅,文化,2
おもふ,おもふ,思う・心配する,古(用法):「思う・心配する」；現(近い語):『かんがえる』。意味の変化があり、現代では用法やニュアンスが移り変わっています。,かんがえる:考える,文法,1
おもむく,おもむく,向かう・赴く,古(用法):「向かう・赴く」；現(近い語):『むかう』。意味の変化があり、現代では用法やニュアンスが移り変わっています。,むかう:向かう,文法,2
おもしろし,おもしろし,趣がある・興味深い,古(用法):「趣がある・興味深い」；現(近い語):『おもむき』。意味の変化があり、現代では用法やニュアンスが移り変わっています。,おもむき:趣,文化,1
かなしむ,かなしむ,悲しむ,古(用法):「悲しむ」；現(近い語):『なげく』。意味の変化があり、現代では用法やニュアンスが移り変わっています。,なげく:嘆く,感情,2
かたる,かたる,語る・話す,古(用法):「語る・話す」；現(近い語):『はなす』。意味の変化があり、現代では用法やニュアンスが移り変わっています。,はなす:話す,文法,1
かなふ,かなふ,叶う・適う,古(用法):「叶う・適う」；現(近い語):『かなえる』。意味の変化があり、現代では用法やニュアンスが移り変わっています。,かなえる:叶える,文法,2
かぶる,かぶる,頂く・かぶる,古(用法):「頂く・かぶる」；現(近い語):『かぶせる』。意味の変化があり、現代では用法やニュアンスが移り変わっています。,かぶせる:着用,文法,2
くちをし,くちをし,残念だ・嘆かわしい,古(用法):「残念だ・嘆かわしい」；現(近い語):『ざんねん』。意味の変化があり、現代では用法やニュアンスが移り変わっています。,ざんねん:残念,感情,2
くるし,くるし,つらい・苦しい,古(用法):「つらい・苦しい」；現(近い語):『つらい』。意味はほぼ同じです。,つらい:苦しい,感情,2
けふ,けふ,今日,古(用法):「今日」；現(近い語):『こんにち』。意味の変化があり、現代では用法やニュアンスが移り変わっています。,こんにち:今日,時間,1
けに,けに,やけに・いっそう,古(用法):「やけに・いっそう」；現(近い語):『やけに』。意味はほぼ同じです。,やけに:妙に,文法,2
ここち,ここち,気持ち・感覚,古(用法):「気持ち・感覚」；現(近い語):『きもち』。意味の変化があり、現代では用法やニュアンスが移り変わっています。,きもち:気分,感情,1
こと,こと,事柄・事情,古(用法):「事柄・事情」；現(近い語):『じけん』。意味の変化があり、現代では用法やニュアンスが移り変わっています。,じけん:事件,文法,1
ことごとし,ことごとし,大げさだ,古(用法):「大げさだ」；現(近い語):『おおげさ』。意味の変化があり、現代では用法やニュアンスが移り変わっています。,おおげさ:誇張,文法,2
こまやか,こまやか,細やかだ・深い,古(用法):「細やかだ・深い」；現(近い語):『こまかい』。意味の変化があり、現代では用法やニュアンスが移り変わっています。,こまかい:細やか,感情,2
こよなし,こよなし,比べるものがない・格別だ,古(用法):「比べるものがない・格別だ」；現(近い語):『とくべつ』。意味の変化があり、現代では用法やニュアンスが移り変わっています。,とくべつ:特別,感情,2
さはる,さはる,差し支える・妨げる,古(用法):「差し支える・妨げる」；現(近い語):『さまたげる』。意味の変化があり、現代では用法やニュアンスが移り変わっています。,さまたげる:妨害,文法,2
さま,さま,様子・風情,古(用法):「様子・風情」；現(近い語):『ようす』。意味の変化があり、現代では用法やニュアンスが移り変わっています。,ようす:様子,文法,1
さる,さる,適当な・そういう,古(用法):「適当な・そういう」；現(近い語):『そういう』。意味はほぼ同じです。,そういう:その,文法,1
しほ,しほ,潮・涙,古(用法):「潮・涙」；現(近い語):『しお』。意味の変化があり、現代では用法やニュアンスが移り変わっています。,しお:潮,自然,2
したし,したし,親しい・親しむ,古(用法):「親しい・親しむ」；現(近い語):『なじむ』。意味の変化があり、現代では用法やニュアンスが移り変わっています。,なじむ:親しむ,感情,1
しら,しら,知らない・知らず,古(用法):「知らない・知らず」；現(近い語):『しらない』。意味の変化があり、現代では用法やニュアンスが移り変わっています。,しらない:無知,文法,2
すさまじ,すさまじ,興ざめだ・むごい,古(用法):「興ざめだ・むごい」；現(近い語):『むごい』。意味はほぼ同じです。,むごい:酷い,感情,2
せめて,せめて,ぜひとも・切迫して,古(用法):「ぜひとも・切迫して」；現(近い語):『ぜひ』。意味はほぼ同じです。,ぜひ:必ず,文法,2
たのむ,たのむ,頼む・期待する,古(用法):「頼む・期待する」；現(近い語):『たよる』。意味の変化があり、現代では用法やニュアンスが移り変わっています。,たよる:依存,文法,1
たふ,たふ,耐える・十分である,古(用法):「耐える・十分である」；現(近い語):『たえる』。意味の変化があり、現代では用法やニュアンスが移り変わっています。,たえる:耐える,感情,2
ちぎる,ちぎる,約束する・契る,古(用法):「約束する・契る」；現(近い語):『やくそく』。意味の変化があり、現代では用法やニュアンスが移り変わっています。,やくそく:約束,文法,2
つつむ,つつむ,包む・遠慮する,古(用法):「包む・遠慮する」；現(近い語):『かくす』。意味の変化があり、現代では用法やニュアンスが移り変わっています。,かくす:隠す,感情,2
つつまし,つつまし,控えめだ・慎ましい,古(用法):「控えめだ・慎ましい」；現(近い語):『つつましい』。意味の変化があり、現代では用法やニュアンスが移り変わっています。,つつましい:慎ましい,感情,2
てうず,てうず,手際よく処理する,古(用法):「手際よく処理する」；現(近い語):『こなす』。意味の変化があり、現代では用法やニュアンスが移り変わっています。,こなす:処理,文法,3
とが,とが,罪・欠点,古(用法):「罪・欠点」；現(近い語):『あやまち』。意味の変化があり、現代では用法やニュアンスが移り変わっています。,あやまち:過失,地理,2
なぐさむ,なぐさむ,慰める・楽しむ,古(用法):「慰める・楽しむ」；現(近い語):『なぐさめる』。意味の変化があり、現代では用法やニュアンスが移り変わっています。,なぐさめる:慰め,感情,1
ながる,ながる,涙を流す・流れ落ちる,古(用法):「涙を流す・流れ落ちる」；現(近い語):『なみだ』。意味の変化があり、現代では用法やニュアンスが移り変わっています。,なみだ:涙,感情,2
ならふ,ならふ,習う・慣れる,古(用法):「習う・慣れる」；現(近い語):『ならう』。意味の変化があり、現代では用法やニュアンスが移り変わっています。,ならう:学習,学校,1
にほふ,にほふ,美しく香る・栄える,古(用法):「美しく香る・栄える」；現(近い語):『におう』。意味の変化があり、現代では用法やニュアンスが移り変わっています。,におう:香る,感情,2
ねぶ,ねぶ,年をとる・眠る,古(用法):「年をとる・眠る」；現(近い語):『としをとる』。意味の変化があり、現代では用法やニュアンスが移り変わっています。,としをとる:加齢,感情,2
ののしる,ののしる,大声で言う・盛んだ,古(用法):「大声で言う・盛んだ」；現(近い語):『さかん』。意味の変化があり、現代では用法やニュアンスが移り変わっています。,さかん:盛ん,感情,2
はかる,はかる,計る・たくらむ,古(用法):「計る・たくらむ」；現(近い語):『たくらむ』。意味はほぼ同じです。,たくらむ:企む,文法,2
はづかしむ,はづかしむ,気後れする,古(用法):「気後れする」；現(近い語):『てれ』。意味の変化があり、現代では用法やニュアンスが移り変わっています。,てれ:照れ,感情,2
ひとやり,ひとやり,人に向けること,古(用法):「人に向けること」；現(近い語):『ひとめ』。意味の変化があり、現代では用法やニュアンスが移り変わっています。,ひとめ:人目,文法,2
ひとめ,ひとめ,人目・注目,古(用法):「人目・注目」；現(近い語):『みられる』。意味の変化があり、現代では用法やニュアンスが移り変わっています。,みられる:注目,感情,2
ふす,ふす,横になる・寝る,古(用法):「横になる・寝る」；現(近い語):『ねる』。意味の変化があり、現代では用法やニュアンスが移り変わっています。,ねる:就寝,感情,1
ふる,ふる,古い・用いる,古(用法):「古い・用いる」；現(近い語):『ふるい』。意味の変化があり、現代では用法やニュアンスが移り変わっています。,ふるい:古い,感情,2
ほい,ほい,意図・願望,古(用法):「意図・願望」；現(近い語):『ねがい』。意味の変化があり、現代では用法やニュアンスが移り変わっています。,ねがい:希望,文法,2
まじ,まじ,〜ないだろう・不可能,古(用法):「〜ないだろう・不可能」；現(近い語):『ありえない』。意味の変化があり、現代では用法やニュアンスが移り変わっています。,ありえない:不可,文法,2
まさる,まさる,勝る・優れる,古(用法):「勝る・優れる」；現(近い語):『すぐれる』。意味の変化があり、現代では用法やニュアンスが移り変わっています。,すぐれる:優秀,感情,2
ますらを,ますらを,男らしい・勇ましい,古(用法):「男らしい・勇ましい」；現(近い語):『おとこまえ』。意味の変化があり、現代では用法やニュアンスが移り変わっています。,おとこまえ:勇敢,感情,3
みゆ,みゆ,見える・見られる・現れる,古(用法):「見える・見られる・現れる」；現(近い語):『みえる』。意味の変化があり、現代では用法やニュアンスが移り変わっています。,みえる:見える,文法,1
むくつけし,むくつけし,不気味だ・無骨だ,古(用法):「不気味だ・無骨だ」；現(近い語):『ぶきみ』。意味の変化があり、現代では用法やニュアンスが移り変わっています。,ぶきみ:不気味,感情,3
むべ,むべ,なるほど・尤もだ,古(用法):「なるほど・尤もだ」；現(近い語):『なるほど』。意味はほぼ同じです。,なるほど:確かに,文法,2
めざまし,めざまし,気に食わない・すばらしい,古(用法):「気に食わない・すばらしい」；現(近い語):『いやだ』。意味の変化があり、現代では用法やニュアンスが移り変わっています。,いやだ:不快,感情,2
もよおす,もよおす,催す・催促する,古(用法):「催す・催促する」；現(近い語):『もよおす』。意味はほぼ同じです。,もよおす:催す,文法,2
やすし,やすし,容易だ・安心だ,古(用法):「容易だ・安心だ」；現(近い語):『たやすい』。意味の変化があり、現代では用法やニュアンスが移り変わっています。,たやすい:簡単,感情,1
ゆゆし,ゆゆし,重大だ・恐ろしい,古(用法):「重大だ・恐ろしい」；現(近い語):『おそろしい』。意味の変化があり、現代では用法やニュアンスが移り変わっています。,おそろしい:恐怖,感情,3
よむ,よむ,読む・占う,古(用法):「読む・占う」；現(近い語):『よみ』。意味の変化があり、現代では用法やニュアンスが移り変わっています。,よみ:読書,文化,1
よろづ,よろづ,あらゆること・万事,古(用法):「あらゆること・万事」；現(近い語):『すべて』。意味の変化があり、現代では用法やニュアンスが移り変わっています。,すべて:全部,文法,2
わざと,わざと,特別に・わざわざ,古(用法):「特別に・わざわざ」；現(近い語):『わざわざ』。意味はほぼ同じです。,わざわざ:意図,文法,2
わろし,わろし,好ましくない・悪い,古(用法):「好ましくない・悪い」；現(近い語):『まずい』。意味の変化があり、現代では用法やニュアンスが移り変わっています。,まずい:悪い,感情,2
をさをさ,をさをさ,ほとんど〜ない,古(用法):「ほとんど〜ない」；現(近い語):『めったに』。意味の変化があり、現代では用法やニュアンスが移り変わっています。,めったに:稀,文法,3
あな,あな,ああ（感嘆）・穴,古(用法):「ああ（感嘆）・穴」；現(近い語):『ああ』。意味はほぼ同じです。,ああ:感嘆,感情,1
あなかしこ,あなかしこ,ああ恐ろしや・前置きで用いる,古(用法):「ああ恐ろしや・前置きで用いる」；現(近い語):『あぶない』。意味の変化があり、現代では用法やニュアンスが移り変わっています。,あぶない:危険,買い物,3
あなづらはし,あなづらはし,軽んじられる,古(用法):「軽んじられる」；現(近い語):『さげすむ』。意味の変化があり、現代では用法やニュアンスが移り変わっています。,さげすむ:軽蔑,感情,3
あまねし,あまねし,広く行き渡る,古(用法):「広く行き渡る」；現(近い語):『あまねく』。意味の変化があり、現代では用法やニュアンスが移り変わっています。,あまねく:遍く,文法,2
あまやかす,あまやかす,甘やかす,古(用法):「甘やかす」；現(近い語):『かわいがる』。意味の変化があり、現代では用法やニュアンスが移り変わっています。,かわいがる:甘やかす,感情,2
あらまほし,あらまほし,望ましい・理想的だ,古(用法):「望ましい・理想的だ」；現(近い語):『のぞましい』。意味の変化があり、現代では用法やニュアンスが移り変わっています。,のぞましい:理想,感情,2
ありがたし,ありがたし,めったにない・ありがたい,古(用法):「めったにない・ありがたい」；現(近い語):『めずらしい』。意味の変化があり、現代では用法やニュアンスが移り変わっています。,めずらしい:珍しい,感情,2
ありく,ありく,歩き回る・〜し続ける,古(用法):「歩き回る・〜し続ける」；現(近い語):『あるく』。意味の変化があり、現代では用法やニュアンスが移り変わっています。,あるく:歩く,文法,2
いまめかし,いまめかし,華やかだ・現代風だ,古(用法):「華やかだ・現代風だ」；現(近い語):『はやり』。意味の変化があり、現代では用法やニュアンスが移り変わっています。,はやり:流行,文化,2
いざ,いざ,さあ・さあ行こう,古(用法):「さあ・さあ行こう」；現(近い語):『さあ』。意味はほぼ同じです。,さあ:促し,文法,1
いづ,いづ,出る・生ずる,古(用法):「出る・生ずる」；現(近い語):『でる』。意味の変化があり、現代では用法やニュアンスが移り変わっています。,でる:出る,文法,2
いたはる,いたはる,病気をする・労る,古(用法):「病気をする・労る」；現(近い語):『いたわる』。意味の変化があり、現代では用法やニュアンスが移り変わっています。,いたわる:看護,健康,2
いぶせし,いぶせし,不快だ・気がかりだ,古(用法):「不快だ・気がかりだ」；現(近い語):『うっとうしい』。意味の変化があり、現代では用法やニュアンスが移り変わっています。,うっとうしい:鬱陶しい,感情,2
いも,いも,妹・弟,古(用法):「妹・弟」；現(近い語):『いもうと』。意味の変化があり、現代では用法やニュアンスが移り変わっています。,いもうと:妹,家族,1
うら,うら,裏・頼り,古(用法):「裏・頼り」；現(近い語):『うらがえし』。意味の変化があり、現代では用法やニュアンスが移り変わっています。,うらがえし:裏側,文法,2
えん,えん,縁・つながり,古(用法):「縁・つながり」；現(近い語):『えにし』。意味の変化があり、現代では用法やニュアンスが移り変わっています。,えにし:縁,家族,2
おとなし,おとなし,大人びている・落ち着いている,古(用法):「大人びている・落ち着いている」；現(近い語):『おとなしい』。意味の変化があり、現代では用法やニュアンスが移り変わっています。,おとなしい:落ち着き,感情,1
おもさげなり,おもさげなり,気が重い・重々しい,古(用法):「気が重い・重々しい」；現(近い語):『おもたい』。意味の変化があり、現代では用法やニュアンスが移り変わっています。,おもたい:重い,感情,3
かえすがへす,かえすがへす,何度も・しつこく,古(用法):「何度も・しつこく」；現(近い語):『しつこく』。意味はほぼ同じです。,しつこく:反復,文法,2
かざす,かざす,差し出す・掲げる,古(用法):「差し出す・掲げる」；現(近い語):『かかげる』。意味の変化があり、現代では用法やニュアンスが移り変わっています。,かかげる:掲げる,文法,2
かしづく,かしづく,大切に世話する,古(用法):「大切に世話する」；現(近い語):『かいがいしく』。意味の変化があり、現代では用法やニュアンスが移り変わっています。,かいがいしく:世話,感情,2
かなしげ,かなしげ,悲しげだ,古(用法):「悲しげだ」；現(近い語):『かなしい』。意味の変化があり、現代では用法やニュアンスが移り変わっています。,かなしい:哀愁,感情,2
からうじて,からうじて,どうにか・かろうじて,古(用法):「どうにか・かろうじて」；現(近い語):『かろうじて』。意味はほぼ同じです。,かろうじて:辛うじて,文法,2
きこしめす,きこしめす,お聞きになる・召し上がる,古(用法):「お聞きになる・召し上がる」；現(近い語):『きく』。意味の変化があり、現代では用法やニュアンスが移り変わっています。,きく:聞く,文法,3
くさまくら,くさまくら,仮寝・旅の寝具,古(用法):「仮寝・旅の寝具」；現(近い語):『たびのね』。意味の変化があり、現代では用法やニュアンスが移り変わっています。,たびのね:旅寝,文化,3
くるめく,くるめく,めまぐるしく変わる,古(用法):「めまぐるしく変わる」；現(近い語):『めまぐるしい』。意味の変化があり、現代では用法やニュアンスが移り変わっています。,めまぐるしい:変化,文法,3
けしきばむ,けしきばむ,不機嫌そうにする,古(用法):「不機嫌そうにする」；現(近い語):『ふてくされる』。意味の変化があり、現代では用法やニュアンスが移り変わっています。,ふてくされる:不機嫌,感情,2
こほろぎ,こほろぎ,コオロギ・虫の一種,古(用法):「コオロギ・虫の一種」；現(近い語):『むし』。意味の変化があり、現代では用法やニュアンスが移り変わっています。,むし:昆虫,自然,2
さからふ,さからふ,逆らう・反抗する,古(用法):「逆らう・反抗する」；現(近い語):『さからう』。意味の変化があり、現代では用法やニュアンスが移り変わっています。,さからう:抵抗,文法,2
さめざめ,さめざめ,静かに涙を流す様,古(用法):「静かに涙を流す様」；現(近い語):『なみだ』。意味の変化があり、現代では用法やニュアンスが移り変わっています。,なみだ:涙,感情,3
しる,しる,治める・知る,古(用法):「治める・知る」；現(近い語):『しれる』。意味の変化があり、現代では用法やニュアンスが移り変わっています。,しれる:知る,文法,2
すつ,すつ,捨てる,古(用法):「捨てる」；現(近い語):『すてる』。意味の変化があり、現代では用法やニュアンスが移り変わっています。,すてる:破棄,文法,2
せうそこ,せうそこ,使者・手紙,古(用法):「使者・手紙」；現(近い語):『しんぶん』。意味の変化があり、現代では用法やニュアンスが移り変わっています。,しんぶん:伝達,文法,3
たよる,たよる,頼る・よる,古(用法):「頼る・よる」；現(近い語):『よる』。意味はほぼ同じです。,よる:依存,感情,2
ちはやぶる,ちはやぶる,神々しい・激しい,古(用法):「神々しい・激しい」；現(近い語):『かみがみ』。意味の変化があり、現代では用法やニュアンスが移り変わっています。,かみがみ:神,文化,3
つくろふ,つくろふ,修繕する・整える,古(用法):「修繕する・整える」；現(近い語):『なおす』。意味の変化があり、現代では用法やニュアンスが移り変わっています。,なおす:修理,文法,2
つれづれぐさ,つれづれぐさ,退屈で暇な様子,古(用法):「退屈で暇な様子」；現(近い語):『ひま』。意味の変化があり、現代では用法やニュアンスが移り変わっています。,ひま:暇,文化,3
とめる,とめる,留める・止める,古(用法):「留める・止める」；現(近い語):『とめる』。意味はほぼ同じです。,とめる:停止,文法,1
なまめかし,なまめかし,色っぽい・しなやかだ,古(用法):「色っぽい・しなやかだ」；現(近い語):『あでやか』。意味の変化があり、現代では用法やニュアンスが移り変わっています。,あでやか:艶やか,感情,3
にくし,にくし,憎らしい・いやだ,古(用法):「憎らしい・いやだ」；現(近い語):『きらい』。意味の変化があり、現代では用法やニュアンスが移り変わっています。,きらい:嫌い,感情,2
ぬすむ,ぬすむ,盗む・隠す,古(用法):「盗む・隠す」；現(近い語):『とる』。意味の変化があり、現代では用法やニュアンスが移り変わっています。,とる:窃盗,文化,3
ねんず,ねんず,祈る・心の中で願う,古(用法):「祈る・心の中で願う」；現(近い語):『いのる』。意味の変化があり、現代では用法やニュアンスが移り変わっています。,いのる:祈願,健康,2
ののしき,ののしき,騒がしい・盛んだ,古(用法):「騒がしい・盛んだ」；現(近い語):『にぎやか』。意味の変化があり、現代では用法やニュアンスが移り変わっています。,にぎやか:喧騒,感情,2
はやぶさ,はやぶさ,速い鳥・疾風,古(用法):「速い鳥・疾風」；現(近い語):『はやい』。意味の変化があり、現代では用法やニュアンスが移り変わっています。,はやい:迅速,自然,3
ひさし,ひさし,長さ・長い期間,古(用法):「長さ・長い期間」；現(近い語):『ながい』。意味の変化があり、現代では用法やニュアンスが移り変わっています。,ながい:長期,時間,2
ひとかた,ひとかた,一人分・一方,古(用法):「一人分・一方」；現(近い語):『ひとり』。意味の変化があり、現代では用法やニュアンスが移り変わっています。,ひとり:一人,文法,2
ふところ,ふところ,懐・胸中,古(用法):「懐・胸中」；現(近い語):『こころ』。意味の変化があり、現代では用法やニュアンスが移り変わっています。,こころ:胸,感情,2
ほのか,ほのか,かすかだ・ほのめかす,古(用法):「かすかだ・ほのめかす」；現(近い語):『かすかな』。意味の変化があり、現代では用法やニュアンスが移り変わっています。,かすかな:微妙,感情,2
まうけ,まうけ,準備・用意,古(用法):「準備・用意」；現(近い語):『ようい』。意味の変化があり、現代では用法やニュアンスが移り変わっています。,ようい:準備,文法,2
まうら,まうら,前・前方,古(用法):「前・前方」；現(近い語):『まえ』。意味の変化があり、現代では用法やニュアンスが移り変わっています。,まえ:前,文法,2
まどひ,まどひ,迷い・錯乱,古(用法):「迷い・錯乱」；現(近い語):『まよう』。意味の変化があり、現代では用法やニュアンスが移り変わっています。,まよう:迷う,感情,2
みち,みち,道・方法,古(用法):「道・方法」；現(近い語):『みち』。意味はほぼ同じです。,みち:方法,文法,1
むね,むね,胸・主旨,古(用法):「胸・主旨」；現(近い語):『こころ』。意味の変化があり、現代では用法やニュアンスが移り変わっています。,こころ:主旨,文法,1
めやす,めやす,目安・目標,古(用法):「目安・目標」；現(近い語):『もくひょう』。意味の変化があり、現代では用法やニュアンスが移り変わっています。,もくひょう:目標,文法,2
もだす,もだす,もじもじする・悩む,古(用法):「もじもじする・悩む」；現(近い語):『もじもじ』。意味はほぼ同じです。,もじもじ:逡巡,感情,3
やがて（追加）,やがて,そのうち・まもなく,古(用法):「そのうち・まもなく」；現(近い語):『まもなく』。意味はほぼ同じです。,まもなく:即時,時間,1
やぶる,やぶる,破る・破棄する,古(用法):「破る・破棄する」；現(近い語):『やぶる』。意味はほぼ同じです。,やぶる:破壊,科学,2
やむ,やむ,やめる・終わる,古(用法):「やめる・終わる」；現(近い語):『やめる』。意味はほぼ同じです。,やめる:停止,文法,1
ゆくりなし,ゆくりなし,不意だ・不都合だ,古(用法):「不意だ・不都合だ」；現(近い語):『ふい』。意味の変化があり、現代では用法やニュアンスが移り変わっています。,ふい:突然,感情,3
よしなしごと,よしなしごと,つまらぬこと・無益なこと,古(用法):「つまらぬこと・無益なこと」；現(近い語):『むだ』。意味の変化があり、現代では用法やニュアンスが移り変わっています。,むだ:無益,感情,2
よろこぶ,よろこぶ,喜ぶ・祝う,古(用法):「喜ぶ・祝う」；現(近い語):『よろこばしい』。意味の変化があり、現代では用法やニュアンスが移り変わっています。,よろこばしい:喜悦,感情,1
わづらふ,わづらふ,悩む・病む,古(用法):「悩む・病む」；現(近い語):『なやむ』。意味の変化があり、現代では用法やニュアンスが移り変わっています。,なやむ:悩む,感情,2
をさむ,をさむ,治める・統治する,古(用法):「治める・統治する」；現(近い語):『おさめる』。意味の変化があり、現代では用法やニュアンスが移り変わっています。,おさめる:統治,地理,3
をののく,をののく,恐れる・怖がる,古(用法):「恐れる・怖がる」；現(近い語):『おそれる』。意味の変化があり、現代では用法やニュアンスが移り変わっています。,おそれる:恐怖,感情,3
あやにく,あやにく,あいにく・意地が悪い,古(用法):「あいにく・意地が悪い」；現(近い語):『あいにく』。意味はほぼ同じです。,あいにく:不運,感情,2
あやしき,あやしき,不思議な・怪しい,古(用法):「不思議な・怪しい」；現(近い語):『ふしぎ』。意味の変化があり、現代では用法やニュアンスが移り変わっています。,ふしぎ:奇異,感情,2
ありしひ,ありしひ,昔の人・過ぎ去った日,古(用法):「昔の人・過ぎ去った日」；現(近い語):『むかし』。意味の変化があり、現代では用法やニュアンスが移り変わっています。,むかし:往時,文化,3
いとにくし,いとにくし,非常にいやだ,古(用法):「非常にいやだ」；現(近い語):『ひどく』。意味の変化があり、現代では用法やニュアンスが移り変わっています。,ひどく:非常,感情,3
いとどし,いとどし,ますますひどい,古(用法):「ますますひどい」；現(近い語):『ますます』。意味はほぼ同じです。,ますます:増加,文法,2
うるはしく,うるはしく,整っている様,古(用法):「整っている様」；現(近い語):『きちんと』。意味の変化があり、現代では用法やニュアンスが移り変わっています。,きちんと:整然,感情,2
えもいはず,えもいはず,言い表せないほど,古(用法):「言い表せないほど」；現(近い語):『ことばにできない』。意味の変化があり、現代では用法やニュアンスが移り変わっています。,ことばにできない:無言,感情,3
おおせ,おおせ,お言葉・命令,古(用法):「お言葉・命令」；現(近い語):『めいれい』。意味の変化があり、現代では用法やニュアンスが移り変わっています。,めいれい:命令,買い物,3
おいらか,おいらか,落ち着いている・穏やかだ,古(用法):「落ち着いている・穏やかだ」；現(近い語):『おだやか』。意味の変化があり、現代では用法やニュアンスが移り変わっています。,おだやか:穏やか,感情,2
かきくらす,かきくらす,憂鬱にする・空を暗くする,古(用法):「憂鬱にする・空を暗くする」；現(近い語):『くらくする』。意味の変化があり、現代では用法やニュアンスが移り変わっています。,くらくする:憂鬱,感情,3
かしこく,かしこく,賢く・恐ろしく,古(用法):「賢く・恐ろしく」；現(近い語):『かしこし』。意味の変化があり、現代では用法やニュアンスが移り変わっています。,かしこし:恐れ多い,文法,2
かすかなり,かすかなり,かすかである,古(用法):「かすかである」；現(近い語):『ほのか』。意味の変化があり、現代では用法やニュアンスが移り変わっています。,ほのか:かすか,感情,2
かたちばむ,かたちばむ,体裁を繕う,古(用法):「体裁を繕う」；現(近い語):『ていねい』。意味の変化があり、現代では用法やニュアンスが移り変わっています。,ていねい:整える,文法,2
かなしゅう,かなしゅう,悲しげに,古(用法):「悲しげに」；現(近い語):『かなしい』。意味の変化があり、現代では用法やニュアンスが移り変わっています。,かなしい:悲哀,感情,2
かぶらむ,かぶらむ,かぶるだろう,古(用法):「かぶるだろう」；現(近い語):『かぶる』。意味はほぼ同じです。,かぶる:被る,文法,3
きはめて,きはめて,きわめて,古(用法):「きわめて」；現(近い語):『たいへん』。意味の変化があり、現代では用法やニュアンスが移り変わっています。,たいへん:非常,感情,2
きみがよ,きみがよ,君の世・皇室を讃える詠嘆表現,古(用法):「君の世・皇室を讃える詠嘆表現」；現(近い語):『政治』。意味の変化があり、現代では用法やニュアンスが移り変わっています。,政治,感情,3
くはし,くはし,詳しい,古(用法):「詳しい」；現(近い語):『つまびらか』。意味の変化があり、現代では用法やニュアンスが移り変わっています。,つまびらか:詳細,文法,2
くらし,くらし,暗い・悲しい,古(用法):「暗い・悲しい」；現(近い語):『くらい』。意味の変化があり、現代では用法やニュアンスが移り変わっています。,くらい:暗い,感情,3
こよい,こよい,今夜,古(用法):「今夜」；現(近い語):『こんばん』。意味の変化があり、現代では用法やニュアンスが移り変わっています。,こんばん:今夜,時間,1
さこそ,さこそ,確かに〜だ・強調,古(用法):「確かに〜だ・強調」；現(近い語):『たしかに』。意味の変化があり、現代では用法やニュアンスが移り変わっています。,たしかに:確信,文法,2
さればよ,さればよ,だからよ・そのためよ,古(用法):「だからよ・そのためよ」；現(近い語):『だから』。意味はほぼ同じです。,だから:結論,文法,2
しるく,しるく,明らかに,古(用法):「明らかに」；現(近い語):『はっきり』。意味の変化があり、現代では用法やニュアンスが移り変わっています。,はっきり:明白,文法,2
すきずきし,すきずきし,風流だ・好色だ,古(用法):「風流だ・好色だ」；現(近い語):『みやび』。意味の変化があり、現代では用法やニュアンスが移り変わっています。,みやび:雅,感情,3
せうし,せうし,接待役・使者,古(用法):「接待役・使者」；現(近い語):『つかい』。意味の変化があり、現代では用法やニュアンスが移り変わっています。,つかい:使者,家族,3
たぐひ,たぐひ,仲間・類,古(用法):「仲間・類」；現(近い語):『なかま』。意味の変化があり、現代では用法やニュアンスが移り変わっています。,なかま:仲間,文化,2
たよりなし,たよりなし,頼りない・不安だ,古(用法):「頼りない・不安だ」；現(近い語):『あてにならない』。意味の変化があり、現代では用法やニュアンスが移り変わっています。,あてにならない:不安,感情,2
つれづれに,つれづれに,退屈して・所在なく,古(用法):「退屈して・所在なく」；現(近い語):『ひま』。意味の変化があり、現代では用法やニュアンスが移り変わっています。,ひま:暇,文化,2
とがめ,とがめ,咎め・非難,古(用法):「咎め・非難」；現(近い語):『せんたく』。意味の変化があり、現代では用法やニュアンスが移り変わっています。,せんたく:責め,健康,2
なほさら,なほさら,ますます・いっそう,古(用法):「ますます・いっそう」；現(近い語):『さらに』。意味の変化があり、現代では用法やニュアンスが移り変わっています。,さらに:追加,文法,2
にくまし,にくまし,憎たらしい,古(用法):「憎たらしい」；現(近い語):『にくらしい』。意味の変化があり、現代では用法やニュアンスが移り変わっています。,にくらしい:嫌悪,感情,3
のがる,のがる,逃れる・免れる,古(用法):「逃れる・免れる」；現(近い語):『にげる』。意味の変化があり、現代では用法やニュアンスが移り変わっています。,にげる:逃避,文法,2
はしたなし,はしたなし,中途半端だ・間が悪い,古(用法):「中途半端だ・間が悪い」；現(近い語):『まずい』。意味の変化があり、現代では用法やニュアンスが移り変わっています。,まずい:不適,感情,2
はらから,はらから,兄弟姉妹,古(用法):「兄弟姉妹」；現(近い語):『きょうだい』。意味の変化があり、現代では用法やニュアンスが移り変わっています。,きょうだい:兄弟,科学,1
ひとこと,ひとこと,一言・短い言葉,古(用法):「一言・短い言葉」；現(近い語):『ひとこと』。意味はほぼ同じです。,ひとこと:短句,文法,1
ふみならず,ふみならず,非情だ・冷淡だ,古(用法):「非情だ・冷淡だ」；現(近い語):『ひどい』。意味の変化があり、現代では用法やニュアンスが移り変わっています。,ひどい:冷淡,感情,3
ほのぼの,ほのぼの,かすかに・のどかに,古(用法):「かすかに・のどかに」；現(近い語):『のどか』。意味はほぼ同じです。,のどか:穏やか,感情,2
まばゆし,まばゆし,眩しい・恥ずかしい,古(用法):「眩しい・恥ずかしい」；現(近い語):『まぶしい』。意味の変化があり、現代では用法やニュアンスが移り変わっています。,まぶしい:光,感情,2
まきなみ,まきなみ,巻物・記録,古(用法):「巻物・記録」；現(近い語):『まきもの』。意味の変化があり、現代では用法やニュアンスが移り変わっています。,まきもの:文書,文化,3
みだる,みだる,乱れる・乱す,古(用法):「乱れる・乱す」；現(近い語):『みだれる』。意味の変化があり、現代では用法やニュアンスが移り変わっています。,みだれる:混乱,感情,3
むめい,むめい,名前のない・匿名の,古(用法):「名前のない・匿名の」；現(近い語):『ななし』。意味の変化があり、現代では用法やニュアンスが移り変わっています。,ななし:無名,文法,3
めおと,めおと,夫婦,古(用法):「夫婦」；現(近い語):『ふうふ』。意味の変化があり、現代では用法やニュアンスが移り変わっています。,ふうふ:夫婦,地理,1
もてなす,もてなす,もてなす・待遇する,古(用法):「もてなす・待遇する」；現(近い語):『ていねい』。意味の変化があり、現代では用法やニュアンスが移り変わっています。,ていねい:接待,文化,1
やうやう,やうやう,だんだん・次第に,古(用法):「だんだん・次第に」；現(近い語):『だんだん』。意味はほぼ同じです。,だんだん:徐々に,時間,1
やにふ,やにふ,辞退する・断る,古(用法):「辞退する・断る」；現(近い語):『ことわる』。意味の変化があり、現代では用法やニュアンスが移り変わっています。,ことわる:断る,文法,3
ゆるす,ゆるす,許す・赦す,古(用法):「許す・赦す」；現(近い語):『ゆるす』。意味はほぼ同じです。,ゆるす:容赦,買い物,1
よきかな,よきかな,よいではないか,古(用法):「よいではないか」；現(近い語):『よろしい』。意味の変化があり、現代では用法やニュアンスが移り変わっています。,よろしい:良好,感情,1
わずらわし,わずらわし,面倒で煩わしい,古(用法):「面倒で煩わしい」；現(近い語):『めんどう』。意味の変化があり、現代では用法やニュアンスが移り変わっています。,めんどう:煩雑,感情,2
をく,をく,置く・残す,古(用法):「置く・残す」；現(近い語):『おく』。意味の変化があり、現代では用法やニュアンスが移り変わっています。,おく:配置,文法,2
をほめる,をほめる,褒める,古(用法):「褒める」；現(近い語):『ほめる』。意味の変化があり、現代では用法やニュアンスが移り変わっています。,ほめる:賛辞,感情,1
あらむ,あらむ,〜であろう,古(用法):「〜であろう」；現(近い語):『だろう』。意味の変化があり、現代では用法やニュアンスが移り変わっています。,だろう:推量,文法,2
あり,あり,存在する・いる,古(用法):「存在する・いる」；現(近い語):『いる』。意味はほぼ同じです。,いる:存在,文法,1
ありあり,ありあり,はっきりしている,古(用法):「はっきりしている」；現(近い語):『はっきり』。意味はほぼ同じです。,はっきり:明確,文法,2
あらはれ,あらはれ,明らかだ,古(用法):「明らかだ」；現(近い語):『あきらか』。意味の変化があり、現代では用法やニュアンスが移り変わっています。,あきらか:顕著,文法,2
あらまし,あらまし,大体の見当・計画,古(用法):「大体の見当・計画」；現(近い語):『おおまか』。意味の変化があり、現代では用法やニュアンスが移り変わっています。,おおまか:概略,文法,2
いざよふ,いざよふ,ためらう・躊躇する,古(用法):「ためらう・躊躇する」；現(近い語):『ためらう』。意味はほぼ同じです。,ためらう:躊躇,感情,2
いとけなし,いとけなし,幼い・未熟だ,古(用法):「幼い・未熟だ」；現(近い語):『おさない』。意味の変化があり、現代では用法やニュアンスが移り変わっています。,おさない:幼い,感情,1
いとどしき,いとどしき,よりいっそう・甚だしい,古(用法):「よりいっそう・甚だしい」；現(近い語):『ますます』。意味の変化があり、現代では用法やニュアンスが移り変わっています。,ますます:増加,文法,2
いぶせかり,いぶせかり,重苦しい感じだ,古(用法):「重苦しい感じだ」；現(近い語):『うっとうしい』。意味の変化があり、現代では用法やニュアンスが移り変わっています。,うっとうしい:鬱陶しい,感情,3
うつくゆ,うつくゆ,かわいらしい,古(用法):「かわいらしい」；現(近い語):『かわいい』。意味の変化があり、現代では用法やニュアンスが移り変わっています。,かわいい:愛らしい,感情,1
うつわ,うつわ,器・才能,古(用法):「器・才能」；現(近い語):『うつわ』。意味はほぼ同じです。,うつわ:才能,文法,2
うらぶる,うらぶる,荒廃する・寂れる,古(用法):「荒廃する・寂れる」；現(近い語):『さびしい』。意味の変化があり、現代では用法やニュアンスが移り変わっています。,さびしい:荒廃,感情,3
おくる,おくる,遅れる,古(用法):「遅れる」；現(近い語):『おそくなる』。意味の変化があり、現代では用法やニュアンスが移り変わっています。,おそくなる:遅延,文法,1
おごる,おごる,尊大だ・奢る,古(用法):「尊大だ・奢る」；現(近い語):『おごり』。意味の変化があり、現代では用法やニュアンスが移り変わっています。,おごり:高慢,感情,2
おとづれる,おとづれる,訪れる,古(用法):「訪れる」；現(近い語):『たずねる』。意味の変化があり、現代では用法やニュアンスが移り変わっています。,たずねる:訪問,文法,1
おびえる,おびえる,怖がる,古(用法):「怖がる」；現(近い語):『こわがる』。意味の変化があり、現代では用法やニュアンスが移り変わっています。,こわがる:恐怖,感情,2
おろそか,おろそか,いい加減だ,古(用法):「いい加減だ」；現(近い語):『いいかげん』。意味の変化があり、現代では用法やニュアンスが移り変わっています。,いいかげん:無頓着,感情,2
かくす,かくす,隠す,古(用法):「隠す」；現(近い語):『かくれる』。意味の変化があり、現代では用法やニュアンスが移り変わっています。,かくれる:隠匿,文法,1
かさね,かさね,重ねること・累積,古(用法):「重ねること・累積」；現(近い語):『かさねる』。意味の変化があり、現代では用法やニュアンスが移り変わっています。,かさねる:累積,文法,2
かしまし,かしまし,騒がしい,古(用法):「騒がしい」；現(近い語):『にぎやか』。意味の変化があり、現代では用法やニュアンスが移り変わっています。,にぎやか:騒音,感情,2
かたつ,かたつ,片付ける,古(用法):「片付ける」；現(近い語):『かたづける』。意味の変化があり、現代では用法やニュアンスが移り変わっています。,かたづける:整理,文法,1
かなしげなり,かなしげなり,悲しげである,古(用法):「悲しげである」；現(近い語):『かなしい』。意味の変化があり、現代では用法やニュアンスが移り変わっています。,かなしい:哀愁,感情,2
かぶかる,かぶかる,被せられる・覆われる,古(用法):「被せられる・覆われる」；現(近い語):『おおわれる』。意味の変化があり、現代では用法やニュアンスが移り変わっています。,おおわれる:覆う,文法,2
かよふ,かよふ,通う・往来する,古(用法):「通う・往来する」；現(近い語):『かよう』。意味の変化があり、現代では用法やニュアンスが移り変わっています。,かよう:通学,時間,1
きえず,きえず,消えない,古(用法):「消えない」；現(近い語):『のこる』。意味の変化があり、現代では用法やニュアンスが移り変わっています。,のこる:持続,文法,2
きよめる,きよめる,清める,古(用法):「清める」；現(近い語):『きよらか』。意味の変化があり、現代では用法やニュアンスが移り変わっています。,きよらか:清浄,スポーツ,2
くむ,くむ,組む・汲む,古(用法):「組む・汲む」；現(近い語):『くみあう』。意味の変化があり、現代では用法やニュアンスが移り変わっています。,くみあう:協力,文法,1
くまなし,くまなし,隅々まで・抜け目ない,古(用法):「隅々まで・抜け目ない」；現(近い語):『もれない』。意味の変化があり、現代では用法やニュアンスが移り変わっています。,もれない:完備,文法,2
くるしげ,くるしげ,苦しげだ,古(用法):「苦しげだ」；現(近い語):『つらそう』。意味の変化があり、現代では用法やニュアンスが移り変わっています。,つらそう:苦悩,感情,2
くわだつ,くわだつ,興奮する・噂される,古(用法):「興奮する・噂される」；現(近い語):『さわぐ』。意味の変化があり、現代では用法やニュアンスが移り変わっています。,さわぐ:騒然,感情,3
けだし,けだし,思うに・たぶん,古(用法):「思うに・たぶん」；現(近い語):『おそらく』。意味の変化があり、現代では用法やニュアンスが移り変わっています。,おそらく:推定,文法,2
こもる,こもる,篭る・こもる,古(用法):「篭る・こもる」；現(近い語):『ひきこもる』。意味の変化があり、現代では用法やニュアンスが移り変わっています。,ひきこもる:閉鎖,感情,2
こよる,こよる,夜更ける,古(用法):「夜更ける」；現(近い語):『よふける』。意味の変化があり、現代では用法やニュアンスが移り変わっています。,よふける:夜更け,時間,2
さく,さく,裂ける・咲く,古(用法):「裂ける・咲く」；現(近い語):『さける』。意味の変化があり、現代では用法やニュアンスが移り変わっています。,さける:裂開,自然,1
さくや,さくや,さっき・昨夜,古(用法):「さっき・昨夜」；現(近い語):『ゆうべ』。意味の変化があり、現代では用法やニュアンスが移り変わっています。,ゆうべ:昨夜,時間,1
さとる,さとる,悟る・理解する,古(用法):「悟る・理解する」；現(近い語):『わかる』。意味の変化があり、現代では用法やニュアンスが移り変わっています。,わかる:理解,文法,2
しきり,しきり,しきりに・多い,古(用法):「しきりに・多い」；現(近い語):『しきりに』。意味はほぼ同じです。,しきりに:頻発,時間,1
しずまる,しずまる,静まる,古(用法):「静まる」；現(近い語):『おさまる』。意味の変化があり、現代では用法やニュアンスが移り変わっています。,おさまる:鎮静,感情,1
しのぐ,しのぐ,凌ぐ・耐える,古(用法):「凌ぐ・耐える」；現(近い語):『たえる』。意味の変化があり、現代では用法やニュアンスが移り変わっています。,たえる:耐える,感情,2
すぐる,すぐる,過ぎる・優れる,古(用法):「過ぎる・優れる」；現(近い語):『すぎる』。意味の変化があり、現代では用法やニュアンスが移り変わっています。,すぎる:超過,文法,1
すまふ,すまふ,辞退する・拒む,古(用法):「辞退する・拒む」；現(近い語):『ことわる』。意味の変化があり、現代では用法やニュアンスが移り変わっています。,ことわる:断念,文法,3
せがむ,せがむ,せがむ・頼む,古(用法):「せがむ・頼む」；現(近い語):『たのむ』。意味の変化があり、現代では用法やニュアンスが移り変わっています。,たのむ:懇願,感情,2
そむく,そむく,背く・従わない,古(用法):「背く・従わない」；現(近い語):『さからう』。意味の変化があり、現代では用法やニュアンスが移り変わっています。,さからう:反逆,文法,3
たえる,たえる,耐える・足りる,古(用法):「耐える・足りる」；現(近い語):『たつ』。意味の変化があり、現代では用法やニュアンスが移り変わっています。,たつ:耐久,感情,2
たばかる,たばかる,策略をめぐらす,古(用法):「策略をめぐらす」；現(近い語):『たくらむ』。意味の変化があり、現代では用法やニュアンスが移り変わっています。,たくらむ:奸計,テクノロジー,3
たのしむ,たのしむ,楽しむ,古(用法):「楽しむ」；現(近い語):『たのしみ』。意味の変化があり、現代では用法やニュアンスが移り変わっています。,たのしみ:娯楽,感情,1
ちる,ちる,散る,古(用法):「散る」；現(近い語):『散る』。意味はほぼ同じです。,散る:散布,自然,1
つきあたる,つきあたる,行き当たる,古(用法):「行き当たる」；現(近い語):『あう』。意味の変化があり、現代では用法やニュアンスが移り変わっています。,あう:遭遇,文法,2
つかまつる,つかまつる,お仕えする（古語丁寧） ,古(用法):「お仕えする（古語丁寧）」；現(近い語):『つかえる』。意味の変化があり、現代では用法やニュアンスが移り変わっています。,つかえる:侍従,文法,3
つれ,つれ,連れ・同行,古(用法):「連れ・同行」；現(近い語):『とも』。意味の変化があり、現代では用法やニュアンスが移り変わっています。,とも:同行,文化,1
てらす,てらす,照らす,古(用法):「照らす」；現(近い語):『てらす』。意味はほぼ同じです。,てらす:照明,自然,1
とがなす,とがなす,非難する,古(用法):「非難する」；現(近い語):『せめる』。意味の変化があり、現代では用法やニュアンスが移り変わっています。,せめる:攻め,その他,3
とおる,とおる,通る,古(用法):「通る」；現(近い語):『とおる』。意味はほぼ同じです。,とおる:通過,文法,1
とばる,とばる,飛ばされる・跳ねる,古(用法):「飛ばされる・跳ねる」；現(近い語):『とぶ』。意味の変化があり、現代では用法やニュアンスが移り変わっています。,とぶ:飛翔,自然,2
ながれる,ながれる,流れる,古(用法):「流れる」；現(近い語):『ながれる』。意味はほぼ同じです。,ながれる:流動,自然,1
なぐさめ,なぐさめ,慰め,古(用法):「慰め」；現(近い語):『なぐさめ』。意味はほぼ同じです。,なぐさめ:慰藉,感情,1
になふ,になふ,似合う・適する,古(用法):「似合う・適する」；現(近い語):『にあう』。意味の変化があり、現代では用法やニュアンスが移り変わっています。,にあう:適合,文法,2
にほひ,にほひ,香り・艶やかさ,古(用法):「香り・艶やかさ」；現(近い語):『かおり』。意味の変化があり、現代では用法やニュアンスが移り変わっています。,かおり:香り,感情,2
ぬく,ぬく,抜く・抜ける,古(用法):「抜く・抜ける」；現(近い語):『ぬける』。意味の変化があり、現代では用法やニュアンスが移り変わっています。,ぬける:取り除く,文法,1
のぞく,のぞく,覗く・のぞむ,古(用法):「覗く・のぞむ」；現(近い語):『のぞむ』。意味はほぼ同じです。,のぞむ:期待,感情,2
はらむ,はらむ,孕む・抱える,古(用法):「孕む・抱える」；現(近い語):『はらむ』。意味はほぼ同じです。,はらむ:懐妊,自然,3
ひるがへる,ひるがへる,翻る・変わる,古(用法):「翻る・変わる」；現(近い語):『ひるがえる』。意味の変化があり、現代では用法やニュアンスが移り変わっています。,ひるがえる:変化,文法,3
ふかし,ふかし,深し・深い,古(用法):「深し・深い」；現(近い語):『ふかい』。意味の変化があり、現代では用法やニュアンスが移り変わっています。,ふかい:深度,感情,2
ふせる,ふせる,伏せる・隠す,古(用法):「伏せる・隠す」；現(近い語):『ふせる』。意味はほぼ同じです。,ふせる:隠蔽,文法,1
ふるまう,ふるまう,振る舞う,古(用法):「振る舞う」；現(近い語):『ふるまい』。意味の変化があり、現代では用法やニュアンスが移り変わっています。,ふるまい:行為,感情,1
ほめる,ほめる,褒める,古(用法):「褒める」；現(近い語):『たたえる』。意味の変化があり、現代では用法やニュアンスが移り変わっています。,たたえる:賛辞,感情,1
まだら,まだら,斑・むらがある,古(用法):「斑・むらがある」；現(近い語):『むら』。意味はほぼ同じです。,むら:不整,自然,2
みおくる,みおくる,見送る,古(用法):「見送る」；現(近い語):『みおくる』。意味はほぼ同じです。,みおくる:別離,感情,1
みつ,みつ,密・しめる,古(用法):「密・しめる」；現(近い語):『ひそか』。意味の変化があり、現代では用法やニュアンスが移り変わっています。,ひそか:隠密,文法,2
むつかし,むつかし,難しい・面倒だ,古(用法):「難しい・面倒だ」；現(近い語):『めんどう』。意味の変化があり、現代では用法やニュアンスが移り変わっています。,めんどう:厄介,感情,2
むす,むす,結ぶ・凝らす,古(用法):「結ぶ・凝らす」；現(近い語):『むすぶ』。意味の変化があり、現代では用法やニュアンスが移り変わっています。,むすぶ:結合,文法,2
めでたし,めでたし,めでたい・良い,古(用法):「めでたい・良い」；現(近い語):『めでたい』。意味はほぼ同じです。,めでたい:慶賀,感情,1
もる,もる,満ちる,古(用法):「満ちる」；現(近い語):『みちる』。意味の変化があり、現代では用法やニュアンスが移り変わっています。,みちる:充足,自然,2
やがかる,やがかる,やがて・近づく,古(用法):「やがて・近づく」；現(近い語):『まもなく』。意味の変化があり、現代では用法やニュアンスが移り変わっています。,まもなく:近接,時間,1
やすらふ,やすらふ,躊躇する・留まる,古(用法):「躊躇する・留まる」；現(近い語):『ためらう』。意味の変化があり、現代では用法やニュアンスが移り変わっています。,ためらう:躊躇,感情,2
やに,やに,そこに・その時,古(用法):「そこに・その時」；現(近い語):『そこで』。意味の変化があり、現代では用法やニュアンスが移り変わっています。,そこで:当該,文法,1
ゆるやか,ゆるやか,緩やかだ,古(用法):「緩やかだ」；現(近い語):『ゆったり』。意味の変化があり、現代では用法やニュアンスが移り変わっています。,ゆったり:緩慢,感情,1
よばふ,よばふ,呼ぶ・求婚する,古(用法):「呼ぶ・求婚する」；現(近い語):『よぶ』。意味の変化があり、現代では用法やニュアンスが移り変わっています。,よぶ:招集,感情,3
わくら,わくら,遊ぶ・戯れる,古(用法):「遊ぶ・戯れる」；現(近い語):『あそぶ』。意味の変化があり、現代では用法やニュアンスが移り変わっています。,あそぶ:遊戯,感情,1
わりく,わりく,割く・分ける,古(用法):「割く・分ける」；現(近い語):『わける』。意味の変化があり、現代では用法やニュアンスが移り変わっています。,わける:分配,文法,2
